aX,aY,aZ,gX,gY,gZ
-0.477,-1.127,1.054,-62.012,-0.854,196.960
0.341,-1.303,1.196,-111.511,24.048,313.904
0.624,-1.452,1.282,-177.429,69.885,354.553
0.443,-1.261,1.074,-258.057,121.033,345.154
0.093,-0.923,1.004,-301.147,175.354,337.097
-0.028,-0.641,0.879,-267.517,222.717,358.826
0.164,-0.329,0.774,-199.951,257.324,372.131
0.141,0.094,0.707,-108.398,259.888,341.614
-0.086,0.344,0.725,17.334,207.031,282.104
-0.036,0.432,0.736,149.048,115.356,220.581
-0.035,0.574,0.832,226.013,24.353,179.504
-0.154,0.693,0.955,233.032,-31.067,168.945
-0.161,0.897,0.992,189.453,-41.870,164.795
-0.153,1.125,1.017,128.296,-19.531,150.024
-0.137,1.247,1.013,71.533,0.061,133.362
-0.105,1.199,0.919,9.521,3.784,112.427
-0.097,1.093,0.856,-36.011,7.324,78.918
-0.056,0.898,0.791,-61.829,-0.244,53.040
0.023,0.701,0.689,-71.899,-18.616,29.236
0.075,0.541,0.676,-61.218,-30.090,13.123
0.144,0.459,0.679,-41.138,-31.616,-6.409
0.191,0.382,0.735,-12.634,-28.259,-23.743
0.250,0.307,0.794,18.555,-23.315,-37.537
0.319,0.251,0.842,44.006,-20.569,-52.979
0.325,0.219,0.869,61.829,-21.118,-70.374
0.329,0.210,0.924,74.707,-21.118,-89.539
0.368,0.187,1.029,86.548,-20.813,-110.657
0.389,0.239,1.119,98.328,-24.597,-136.780
0.363,0.132,1.187,110.718,-29.541,-161.438
0.210,0.182,1.191,111.267,-23.071,-187.805
0.221,0.189,1.278,105.469,14.709,-218.201
0.206,0.110,1.231,100.098,61.523,-245.728
0.135,0.076,1.032,90.454,101.990,-274.170
0.014,0.114,0.878,77.942,140.686,-300.781
-0.101,0.120,0.709,60.486,159.119,-310.486
-0.167,-0.027,0.592,42.419,151.672,-298.462
-0.120,-0.164,0.622,23.926,125.000,-267.639
0.027,-0.145,0.633,-4.150,84.290,-222.229
0.166,-0.096,0.597,-36.743,44.189,-179.871
0.172,-0.111,0.555,-53.284,9.399,-163.025
0.132,-0.239,0.601,-41.626,-18.677,-171.753
0.186,-0.463,0.717,-2.258,-38.879,-182.983
0.282,-0.722,0.867,44.495,-53.467,-175.903
0.315,-0.893,0.981,73.364,-60.791,-153.320
0.340,-0.922,1.077,77.820,-56.274,-120.972
0.348,-0.862,1.141,64.636,-44.556,-80.994
0.300,-0.747,1.067,38.513,-34.851,-39.673
0.166,-0.614,1.028,3.723,-23.682,-10.376
0.089,-0.594,1.002,-30.579,-4.578,10.559
0.102,-0.522,0.885,-58.411,12.573,25.818
0.195,-0.413,0.861,-75.928,33.569,34.058
0.166,-0.314,0.701,-84.106,48.035,39.246
0.209,-0.252,0.757,-80.200,53.955,39.063
0.269,-0.192,0.748,-65.186,44.189,24.414
0.285,-0.196,0.762,-39.001,21.606,7.141
0.263,-0.242,0.777,-5.859,-5.554,1.526
0.276,-0.308,0.837,21.912,-26.794,7.141
0.281,-0.334,0.862,34.241,-41.870,14.038
0.284,-0.314,0.882,32.166,-49.011,21.179
0.256,-0.314,0.863,24.109,-52.795,30.273
0.223,-0.320,0.871,15.320,-49.683,35.095
0.220,-0.264,0.887,8.301,-42.908,35.278
0.206,-0.172,0.879,0.549,-40.527,36.072
0.178,-0.133,0.906,-11.719,-39.734,35.950
0.197,-0.145,0.976,-21.851,-35.706,31.494
0.203,-0.183,0.993,-26.550,-35.217,23.132
0.207,-0.199,1.005,-29.541,-34.912,19.287
0.227,-0.208,1.017,-31.555,-30.334,22.156
0.208,-0.210,0.975,-32.288,-26.978,26.367
0.191,-0.210,0.947,-31.921,-22.095,27.405
0.174,-0.202,0.930,-29.907,-16.296,28.870
0.159,-0.194,0.915,-24.597,-11.536,31.006
0.167,-0.174,0.920,-17.456,-7.812,32.898
0.190,-0.154,0.913,-10.437,-8.972,33.508
0.216,-0.150,0.937,-3.906,-15.381,30.212
0.220,-0.150,0.990,4.333,-23.499,23.132
0.205,-0.161,1.024,10.803,-30.212,18.005
0.198,-0.166,1.025,7.996,-33.142,15.808
0.206,-0.161,1.003,0.244,-29.724,14.099
0.196,-0.157,0.984,-5.554,-21.301,11.353
0.170,-0.155,0.968,-6.897,-12.207,8.057
0.150,-0.156,0.961,-6.653,-4.333,6.165
0.162,-0.149,0.951,-7.568,0.427,5.798
0.182,-0.150,0.941,-9.155,0.427,6.042
0.193,-0.145,0.932,-6.226,-3.296,6.348
0.196,-0.134,0.940,-0.366,-8.179,6.104
0.194,-0.138,0.950,2.319,-12.268,5.676
0.188,-0.139,0.961,2.441,-13.977,5.737
0.187,-0.140,0.967,2.197,-12.756,5.920
0.185,-0.145,0.965,1.892,-9.644,5.005
0.173,-0.148,0.968,0.793,-6.592,4.456
0.168,-0.143,0.956,-0.427,-4.272,3.723
0.164,-0.140,0.936,-1.770,-2.869,1.831
0.154,-0.126,0.927,-4.089,-2.014,-0.671
0.148,-0.120,0.913,-4.700,-1.648,-1.770
0.156,-0.131,0.900,-3.296,-1.404,-3.845
0.161,-0.140,0.900,-2.380,-1.526,-7.324
0.163,-0.142,0.906,-1.160,-2.991,-9.583
0.169,-0.140,0.907,1.587,-5.371,-9.338
0.176,-0.148,0.911,5.066,-7.935,-8.667
0.176,-0.158,0.932,8.545,-10.132,-9.033
0.171,-0.146,0.950,10.803,-11.414,-8.667
0.172,-0.138,0.964,10.620,-10.742,-7.080
0.176,-0.157,0.985,9.033,-8.545,-6.287
0.172,-0.164,0.990,6.348,-6.042,-6.531
0.160,-0.165,0.995,3.540,-1.526,-6.165
0.153,-0.165,0.992,-1.526,3.418,-5.371
0.136,-0.162,0.968,-6.165,7.690,-4.395
0.135,-0.164,0.935,-9.277,10.620,-4.333
0.151,-0.176,0.917,-10.681,10.803,-5.005
0.168,-0.176,0.908,-10.254,7.507,-6.042
0.175,-0.182,0.916,-7.629,2.441,-5.737
0.181,-0.194,0.924,-4.578,-2.686,-4.883
0.172,-0.193,0.930,-1.465,-6.470,-2.808
0.168,-0.183,0.937,0.549,-8.301,-0.244
0.172,-0.181,0.944,1.587,-8.362,1.465
0.166,-0.173,0.950,2.930,-6.897,0.183
0.152,-0.159,0.938,4.700,-4.578,-1.343
0.172,-0.144,0.963,5.981,-2.319,-2.441

0.329,-1.521,1.759,-159.485,-23.804,153.687
0.155,-1.710,1.502,-276.978,10.315,264.526
0.064,-1.759,1.074,-402.405,88.257,360.107
0.053,-1.423,0.608,-460.022,192.261,393.372
-0.029,-0.947,0.446,-386.047,282.043,367.371
-0.174,-0.740,0.393,-177.979,293.091,322.876
-0.239,-0.501,0.383,80.750,220.947,280.396
-0.123,-0.292,0.571,278.015,99.792,253.723
-0.184,0.108,0.835,362.244,-30.212,253.967
-0.339,0.454,0.997,351.074,-132.935,259.583
-0.455,0.785,1.175,270.142,-165.405,264.221
-0.265,1.011,1.443,152.161,-128.235,240.051
-0.150,1.060,1.350,48.523,-76.294,193.420
-0.142,0.958,1.296,-15.747,-28.625,143.738
-0.158,0.865,1.173,-46.143,16.479,107.849
-0.160,0.699,0.961,-52.490,36.194,86.731
-0.191,0.672,0.772,-47.119,34.790,64.026
-0.188,0.619,0.694,-25.024,25.330,37.842
-0.140,0.554,0.716,1.099,17.334,16.296
-0.047,0.468,0.791,16.174,9.888,0.061
0.032,0.389,0.867,16.968,3.479,-12.085
0.085,0.304,0.895,8.850,-3.174,-24.231
0.108,0.197,0.892,0.427,-4.395,-37.598
0.134,0.085,0.883,-4.944,2.808,-50.171
0.154,0.013,0.869,-7.324,11.780,-58.899
0.196,-0.020,0.907,-4.700,12.634,-63.416
0.206,-0.036,0.916,3.113,2.319,-65.308
0.119,0.023,0.904,13.916,-9.521,-72.205
0.095,0.125,0.987,23.071,-8.606,-86.792
0.143,0.156,1.004,29.053,1.038,-112.122
0.186,0.289,1.204,30.518,12.207,-150.513
0.155,0.440,1.068,29.907,16.174,-192.261
0.089,0.347,1.087,35.034,17.944,-224.854
0.031,0.261,1.106,39.856,32.837,-255.127
-0.015,0.212,0.951,34.851,44.312,-279.419
-0.089,0.017,0.771,29.236,56.519,-285.400
-0.112,-0.210,0.792,20.142,69.214,-284.607
-0.069,-0.436,0.784,8.484,72.754,-272.278
0.028,-0.487,0.784,-11.169,63.538,-229.858
0.091,-0.389,0.819,-38.940,56.702,-177.917
0.127,-0.309,0.735,-56.030,45.959,-139.404
0.131,-0.296,0.681,-48.279,29.175,-125.549
0.157,-0.254,0.705,-17.822,10.681,-134.155
0.178,-0.237,0.707,19.714,-6.409,-151.794
0.175,-0.303,0.739,56.641,-18.860,-166.443
0.162,-0.413,0.826,88.806,-27.710,-177.917
0.170,-0.508,0.971,110.413,-35.339,-179.138
0.185,-0.538,1.049,114.563,-42.542,-162.598
0.159,-0.479,1.020,100.708,-45.776,-131.409
0.167,-0.392,1.060,72.632,-41.931,-97.168
0.165,-0.330,1.007,40.100,-33.447,-68.359
0.113,-0.251,0.926,10.864,-26.367,-58.777
0.100,-0.205,0.928,-7.080,-12.756,-64.819
0.086,-0.281,0.912,-7.568,-5.615,-75.378
0.078,-0.373,0.966,3.845,-5.249,-82.825
0.100,-0.408,1.030,11.292,-5.310,-79.590
0.114,-0.395,1.038,5.005,-6.042,-64.514
0.095,-0.371,0.995,-10.620,-8.057,-49.561
0.093,-0.393,0.984,-23.865,-9.094,-41.992
0.072,-0.426,0.981,-29.236,-10.254,-36.316
0.070,-0.411,0.999,-28.259,-10.620,-24.292
0.059,-0.417,0.984,-22.217,-12.085,-3.906
0.053,-0.408,0.992,-14.771,-12.329,17.883
0.039,-0.354,0.972,-10.254,-10.193,36.438
0.088,-0.397,1.008,-8.179,-5.493,55.603
0.121,-0.336,1.039,-5.981,-1.465,60.913
0.143,-0.280,1.011,-1.465,-1.221,56.030
0.118,-0.246,0.968,3.174,-2.563,45.959
0.123,-0.219,0.991,7.507,3.479,31.250
0.147,-0.205,0.964,6.409,5.737,17.822
0.106,-0.236,0.933,0.183,9.705,12.695
0.122,-0.275,0.952,-7.507,17.700,12.268
0.147,-0.245,0.918,-15.564,17.334,10.742
0.153,-0.241,0.877,-19.836,13.062,14.954
0.127,-0.260,0.893,-18.677,8.057,17.944
0.129,-0.266,0.911,-13.245,0.488,17.700
0.115,-0.223,0.898,-7.629,-13.306,21.729
0.118,-0.229,0.919,-3.296,-26.794,32.166
0.119,-0.217,0.931,-0.854,-34.058,35.339
0.126,-0.190,0.925,1.648,-32.837,30.457
0.122,-0.206,0.924,3.845,-28.137,26.489
0.131,-0.216,0.945,5.188,-21.912,20.447
0.138,-0.217,0.957,4.395,-16.052,15.381
0.130,-0.217,0.963,1.038,-10.864,13.245
0.114,-0.207,0.947,-4.272,-6.042,10.559
0.096,-0.202,0.921,-8.972,-1.343,6.775
0.079,-0.195,0.903,-12.390,3.174,2.319
0.081,-0.189,0.891,-15.076,5.859,0.671
0.104,-0.199,0.885,-16.724,4.700,3.235
0.123,-0.208,0.891,-15.625,0.854,5.066
0.116,-0.199,0.889,-10.742,-4.089,4.028
0.095,-0.182,0.910,-2.869,-8.667,2.319
0.097,-0.177,0.917,4.089,-12.756,1.038
0.114,-0.185,0.927,8.606,-14.954,0.610
0.118,-0.197,0.945,10.986,-14.099,-0.916
0.113,-0.193,0.951,10.681,-11.780,-3.784
0.125,-0.192,0.951,5.615,-7.935,-7.263
0.122,-0.210,0.967,-0.244,-3.113,-8.484
0.116,-0.229,0.966,-7.385,0.610,-8.118
0.113,-0.259,0.965,-14.099,3.784,-6.897
0.108,-0.271,0.950,-17.578,5.249,-7.141
0.084,-0.254,0.937,-16.541,5.493,-6.775
0.069,-0.239,0.924,-12.695,3.906,-3.784
0.077,-0.234,0.915,-6.958,1.770,0.122
0.099,-0.230,0.918,-0.916,-0.793,0.061
0.114,-0.217,0.932,5.493,-3.479,-2.625
0.117,-0.205,0.953,11.658,-6.104,-4.456
0.110,-0.204,0.972,14.160,-8.850,-4.578
0.102,-0.202,0.982,12.634,-10.681,-3.601
0.105,-0.186,0.977,8.606,-10.986,-1.099
0.109,-0.189,0.968,3.357,-9.949,2.319
0.110,-0.207,0.960,-1.648,-8.545,4.761
0.111,-0.226,0.953,-5.981,-7.080,3.601
0.109,-0.240,0.942,-8.606,-4.883,-0.305
0.105,-0.254,0.945,-7.996,-2.686,-4.883
0.097,-0.258,0.949,-5.310,-1.160,-6.409
0.090,-0.259,0.953,-2.014,-0.366,-5.066
0.087,-0.244,0.946,1.587,-0.488,-3.052
0.078,-0.221,0.948,4.822,-1.160,-2.197

0.154,-1.087,0.756,-433.960,31.128,423.035
0.141,-0.842,0.718,-460.449,87.036,441.528
-0.157,-0.630,0.625,-408.997,120.850,453.491
-0.006,-0.541,0.603,-284.546,131.653,433.472
0.113,-0.343,0.735,-107.300,108.704,373.230
-0.124,-0.082,0.943,66.833,50.781,321.533
-0.065,0.219,1.053,187.744,-7.080,298.340
0.156,0.541,1.190,235.779,-33.630,271.790
0.155,0.762,1.180,218.811,-35.217,226.562
-0.079,0.832,1.270,153.748,-40.039,187.134
-0.036,0.736,1.227,55.725,-4.761,159.302
-0.043,0.617,1.032,-36.926,25.269,133.850
-0.026,0.447,0.900,-78.003,39.246,106.689
-0.048,0.279,0.780,-68.298,28.442,89.539
-0.032,0.130,0.696,-42.847,16.846,83.862
0.013,0.231,0.649,-18.616,18.188,73.181
-0.030,0.309,0.639,7.690,17.151,60.852
-0.089,0.365,0.644,28.076,9.827,45.837
-0.075,0.376,0.666,33.508,-1.953,28.564
0.012,0.346,0.740,24.292,-13.733,15.015
0.068,0.310,0.808,8.728,-28.687,4.150
0.087,0.260,0.868,-5.310,-38.330,-3.479
0.115,0.226,0.912,-13.611,-37.720,-12.817
0.122,0.195,0.968,-13.428,-31.738,-24.353
0.090,0.143,0.996,-5.920,-25.024,-34.363
0.089,0.123,1.039,3.662,-19.348,-42.358
0.072,0.057,1.091,11.047,-17.944,-48.645
0.050,0.166,1.108,16.357,-12.146,-63.110
0.043,0.185,0.994,24.658,-8.667,-78.430
0.043,0.183,0.976,33.752,0.854,-97.046
0.038,0.187,0.877,41.931,13.733,-124.268
0.105,0.206,0.918,48.828,26.978,-151.917
0.097,0.212,0.869,53.284,22.583,-171.631
0.074,0.226,0.880,51.025,12.146,-185.181
0.041,0.274,0.913,45.654,4.883,-199.219
0.074,0.235,0.989,48.584,-0.122,-216.309
0.093,0.152,1.055,55.908,-0.977,-240.417
0.097,0.141,1.152,53.345,2.136,-270.203
0.132,0.107,1.188,36.499,9.888,-291.504
0.161,0.038,1.151,12.146,21.057,-302.856
0.131,-0.006,1.024,-7.751,33.081,-307.312
0.098,-0.085,0.846,-15.198,44.495,-303.101
0.016,-0.293,0.710,-5.066,54.932,-300.537
-0.087,-0.490,0.736,23.132,58.899,-301.819
-0.093,-0.540,0.856,58.105,49.683,-291.077
-0.035,-0.492,0.926,87.280,34.424,-257.629
0.025,-0.477,0.971,103.821,18.982,-200.623
0.073,-0.442,1.006,100.952,4.395,-139.648
0.065,-0.420,0.942,78.064,-6.165,-95.642
0.115,-0.385,0.904,44.373,-7.141,-70.984
0.168,-0.336,0.914,21.423,-2.502,-62.317
0.154,-0.298,0.933,12.634,-2.380,-60.181
0.136,-0.325,0.959,11.047,-4.395,-53.650
0.129,-0.370,0.984,5.676,-5.432,-42.236
0.154,-0.359,0.959,-7.874,-7.507,-28.137
0.173,-0.364,0.929,-19.714,-7.812,-9.949
0.156,-0.384,0.925,-23.804,-5.615,5.249
0.090,-0.377,0.847,-18.555,-3.723,13.123
0.129,-0.448,0.874,-7.507,3.357,12.695
0.186,-0.372,0.895,3.357,2.441,-2.625
0.083,-0.277,0.860,16.418,-12.085,-16.174
0.046,-0.333,0.953,32.593,-17.639,-14.465
0.034,-0.272,0.939,42.053,-28.931,-12.390
0.061,-0.231,0.966,44.922,-34.607,-5.066
0.057,-0.296,0.956,39.185,-35.767,9.888
0.134,-0.275,1.018,25.330,-25.940,17.639
0.146,-0.293,0.991,11.536,-22.705,23.865
0.115,-0.320,0.978,-0.977,-18.311,28.870
0.119,-0.297,0.993,-11.230,-8.240,27.344
0.106,-0.279,0.945,-16.052,-2.869,26.062
0.083,-0.294,0.930,-16.968,2.441,26.978
0.085,-0.286,0.910,-15.320,7.690,26.550
0.110,-0.267,0.889,-12.939,8.179,25.024
0.125,-0.262,0.886,-8.606,6.165,24.170
0.098,-0.244,0.835,-2.258,3.174,21.973
0.150,-0.240,0.936,6.653,2.625,15.869
0.125,-0.215,0.889,15.259,-5.066,7.446
0.116,-0.199,0.926,19.226,-7.996,0.427
0.113,-0.205,0.945,19.165,-8.911,-3.174
0.113,-0.222,0.958,13.916,-9.766,-5.310
0.121,-0.231,0.959,5.859,-10.193,-8.362
0.123,-0.237,0.950,-1.587,-11.353,-8.789
0.108,-0.256,0.940,-7.141,-10.742,-5.371
0.107,-0.278,0.954,-11.047,-7.263,-0.427
0.119,-0.287,0.952,-13.000,-4.639,5.981
0.129,-0.292,0.939,-10.925,-3.113,11.658
0.141,-0.287,0.934,-7.263,-0.854,14.648
0.145,-0.279,0.934,-4.272,1.343,14.587
0.128,-0.255,0.923,-2.319,2.014,12.085
0.104,-0.231,0.931,-0.671,0.183,10.071
0.104,-0.206,0.935,0.916,-3.052,10.071
0.111,-0.190,0.924,1.953,-8.423,9.521
0.112,-0.194,0.914,0.671,-13.367,5.676
0.105,-0.210,0.923,-2.502,-16.479,0.305
0.093,-0.212,0.921,-5.798,-17.761,-3.113
0.087,-0.211,0.928,-7.996,-16.846,-3.967
0.099,-0.228,0.946,-8.972,-15.076,-4.517
0.115,-0.253,0.937,-8.057,-14.526,-6.714
0.120,-0.276,0.946,-3.662,-14.160,-10.315
0.129,-0.285,0.974,3.662,-13.062,-13.611
0.126,-0.279,0.985,11.169,-12.634,-15.198
0.131,-0.282,0.979,16.907,-10.864,-14.893
0.135,-0.290,0.992,20.813,-8.057,-13.123
0.111,-0.293,0.969,20.874,-6.348,-12.878
0.076,-0.272,0.967,17.639,-3.906,-12.390
0.061,-0.262,0.949,14.160,-1.648,-10.437
0.053,-0.250,0.934,9.827,-0.305,-7.263
0.043,-0.246,0.918,5.005,0.732,-4.822
0.056,-0.242,0.903,-0.854,0.916,-3.357
0.061,-0.253,0.896,-5.310,-0.122,-3.906
0.066,-0.265,0.898,-6.531,-2.930,-5.676
0.083,-0.288,0.916,-4.883,-6.714,-7.141
0.111,-0.317,0.933,-2.258,-9.338,-6.897
0.138,-0.326,0.947,-1.221,-11.047,-6.287
0.147,-0.330,0.952,0.977,-11.230,-5.920
0.135,-0.319,0.947,4.639,-10.742,-7.019
0.109,-0.301,0.937,7.935,-9.216,-8.484
0.082,-0.288,0.924,9.766,-7.324,-8.911
0.061,-0.266,0.920,8.545,-5.554,-6.958

0.237,-1.164,1.115,-353.027,-63.171,430.847
0.075,-1.109,0.459,-428.589,-19.287,452.026
-0.083,-0.539,0.279,-398.193,61.462,413.879
-0.336,-0.081,0.249,-232.788,113.892,345.337
-0.438,0.035,0.095,6.531,86.487,287.537
-0.081,0.002,0.526,194.885,36.804,252.686
0.271,-0.093,1.023,260.681,-11.841,242.187
0.184,0.243,1.254,202.637,-65.552,219.482
-0.065,0.509,1.254,89.600,-86.731,188.293
0.043,0.611,1.224,8.972,-60.608,153.259
0.160,0.546,1.177,-27.649,-29.968,115.967
0.070,0.421,1.071,-46.936,-18.494,86.182
0.009,0.332,0.960,-60.730,-5.493,64.331
-0.027,0.339,0.886,-60.608,7.996,41.382
-0.129,0.336,0.877,-41.992,10.193,22.888
-0.184,0.350,0.873,-17.456,5.676,7.385
-0.176,0.388,0.889,0.977,1.831,-7.874
-0.115,0.405,0.918,10.132,-0.793,-23.437
-0.094,0.436,0.916,15.320,-0.122,-39.551
-0.058,0.421,0.928,24.719,3.845,-53.711
-0.011,0.385,0.938,38.757,2.380,-74.951
-0.006,0.366,0.931,53.955,-7.568,-107.239
-0.004,0.333,0.963,67.749,-14.526,-142.456
0.025,0.265,1.064,75.256,-13.855,-175.171
0.082,0.212,1.168,68.115,-10.681,-204.651
0.098,0.103,1.113,49.622,-10.315,-229.065
-0.012,0.080,0.909,38.269,-3.601,-261.780
0.028,-0.065,1.048,51.697,15.564,-301.636
0.034,-0.202,1.133,64.575,21.179,-332.703
0.054,-0.282,1.225,54.382,22.461,-347.778
0.038,-0.408,1.227,24.719,30.396,-335.083
-0.013,-0.469,1.188,-11.169,32.410,-304.077
-0.105,-0.441,1.064,-34.241,27.344,-268.250
-0.192,-0.394,0.980,-34.851,27.588,-234.375
-0.241,-0.303,0.927,-13.550,32.898,-204.895
-0.199,-0.240,0.897,23.132,35.339,-171.204
-0.140,-0.265,0.848,65.796,30.273,-135.681
-0.079,-0.344,0.885,99.670,26.245,-109.436
-0.011,-0.393,0.954,113.892,18.433,-95.276
0.028,-0.373,1.000,106.506,4.578,-84.839
0.072,-0.308,0.996,86.731,-11.658,-70.984
0.093,-0.279,0.942,69.885,-26.001,-54.077
0.093,-0.289,0.918,57.556,-32.104,-45.227
0.097,-0.311,0.933,44.861,-31.067,-45.898
0.076,-0.312,0.911,34.729,-25.146,-53.101
0.055,-0.297,0.912,31.982,-13.062,-62.561
0.043,-0.281,0.905,33.020,-1.587,-69.641
0.012,-0.271,0.887,33.142,7.446,-70.740
-0.044,-0.269,0.894,28.076,14.648,-63.293
-0.082,-0.280,0.925,16.663,18.372,-44.617
-0.086,-0.307,0.925,-0.183,16.968,-16.357
-0.084,-0.268,0.892,-19.775,14.465,14.465
-0.045,-0.340,0.903,-38.574,11.108,47.058
0.045,-0.397,0.908,-50.415,9.338,66.467
0.054,-0.358,0.859,-52.551,1.038,65.613
0.054,-0.338,0.886,-44.922,-6.653,61.401
0.054,-0.295,0.891,-26.123,-12.085,52.612
0.060,-0.269,0.923,0.366,-15.259,36.865
0.063,-0.300,0.916,21.545,-14.343,21.179
0.104,-0.267,0.954,30.212,-10.071,3.418
0.089,-0.233,0.960,32.837,-6.836,-10.193
0.019,-0.222,0.925,33.752,-7.019,-17.456
-0.009,-0.189,0.954,31.677,-4.333,-21.606
-0.032,-0.180,0.946,26.367,-3.784,-19.043
-0.037,-0.168,0.931,18.494,-2.625,-10.193
-0.013,-0.178,0.930,7.446,0.793,1.465
0.020,-0.228,0.920,-5.920,4.944,11.353
0.045,-0.267,0.927,-15.747,8.057,14.038
0.054,-0.276,0.946,-18.127,8.667,10.620
0.051,-0.284,0.971,-15.381,7.690,6.287
0.050,-0.286,0.983,-11.414,6.775,5.676
0.041,-0.274,0.978,-8.911,5.127,11.169
0.036,-0.265,0.964,-7.996,4.211,15.015
0.042,-0.225,0.934,-9.766,4.944,13.550
0.050,-0.184,0.928,-10.803,4.700,10.681
0.033,-0.169,0.923,-8.301,1.770,6.348
0.016,-0.162,0.937,-6.592,-0.916,2.930
0.025,-0.185,0.943,-7.874,-4.883,2.502
0.045,-0.199,0.943,-10.986,-8.911,3.357
0.055,-0.211,0.936,-12.146,-10.986,3.296
0.057,-0.235,0.942,-9.888,-10.315,1.465
0.068,-0.256,0.934,-6.165,-7.812,-1.709
0.070,-0.270,0.932,-1.038,-3.784,-5.432
0.066,-0.288,0.944,5.737,-0.183,-9.094
0.054,-0.318,0.959,12.451,1.343,-11.047
0.032,-0.308,0.954,17.578,0.671,-11.475
0.024,-0.259,0.951,19.409,-1.465,-9.277
0.009,-0.230,0.942,16.296,-3.906,-3.540
0.010,-0.216,0.917,8.728,-5.920,3.296
0.011,-0.214,0.901,3.235,-7.141,5.676
0.005,-0.213,0.900,2.014,-7.812,2.441
0.006,-0.203,0.925,1.648,-8.484,-2.441
0.017,-0.219,0.958,-0.122,-9.583,-5.127
0.029,-0.249,0.979,-4.150,-10.925,-6.165
0.042,-0.271,0.990,-7.690,-11.047,-4.822
0.051,-0.299,0.990,-9.338,-10.620,-3.967
0.046,-0.306,0.971,-8.667,-9.521,-4.822
0.027,-0.295,0.945,-5.249,-7.080,-6.104
0.012,-0.276,0.930,0.061,-3.662,-6.897
0.004,-0.260,0.919,4.700,-1.099,-7.385
0.000,-0.255,0.925,7.385,2.014,-5.798
-0.006,-0.241,0.930,6.104,3.784,-3.845
-0.007,-0.228,0.930,2.380,3.601,-2.686
-0.008,-0.227,0.934,-2.258,2.747,-1.221
-0.003,-0.227,0.941,-7.874,1.831,-0.061
0.010,-0.232,0.946,-14.160,0.610,0.854
0.028,-0.250,0.942,-17.822,-0.122,1.587
0.032,-0.270,0.939,-16.785,-0.427,0.366
0.040,-0.279,0.941,-12.207,-0.122,-1.160
0.048,-0.274,0.945,-4.395,0.000,-3.174
0.065,-0.283,0.974,4.761,0.244,-4.395
0.077,-0.275,0.965,12.817,0.183,-5.371
0.040,-0.254,0.929,17.212,-1.831,-6.531
0.015,-0.251,0.958,17.090,-0.061,-5.737
0.011,-0.234,0.937,14.526,0.305,-3.906
0.007,-0.216,0.945,10.559,-1.282,-3.174
0.003,-0.216,0.945,6.470,-2.319,-4.028
0.004,-0.216,0.934,2.563,-4.456,-6.897
0.012,-0.215,0.934,-0.610,-5.920,-10.254

0.213,-0.989,1.147,-363.525,4.272,461.121
0.094,-0.910,0.927,-383.545,43.945,489.624
-0.179,-0.695,0.489,-344.482,74.951,488.098
-0.189,-0.268,0.124,-230.530,106.018,428.467
-0.055,0.273,0.255,-63.049,125.732,317.810
-0.225,0.252,0.389,112.183,104.431,233.887
0.039,0.182,0.812,217.957,72.937,183.167
0.352,0.278,1.209,216.736,37.598,154.297
0.304,0.431,1.277,115.112,-17.334,152.222
0.163,0.630,1.175,-4.089,-48.218,149.170
0.115,0.578,1.066,-58.594,-35.400,135.193
0.088,0.490,0.916,-61.768,-9.155,97.229
-0.004,0.419,0.845,-45.227,16.968,53.772
-0.058,0.392,0.812,-28.442,36.560,31.494
-0.080,0.484,0.776,-14.343,40.710,16.052
-0.130,0.524,0.781,4.761,25.513,5.249
-0.172,0.479,0.757,23.865,0.977,-3.418
-0.163,0.521,0.726,32.898,-12.512,-18.677
-0.116,0.456,0.771,35.828,-13.245,-31.982
-0.080,0.372,0.807,35.767,-15.076,-40.771
-0.062,0.337,0.814,34.546,-24.231,-54.138
-0.045,0.279,0.819,37.231,-34.668,-67.749
-0.016,0.217,0.860,42.358,-42.175,-83.557
0.012,0.192,0.899,45.410,-46.509,-99.854
0.029,0.184,1.006,38.757,-43.396,-113.892
0.057,0.180,1.069,21.729,-34.729,-126.465
0.090,0.166,1.016,0.671,-28.320,-145.813
0.049,0.186,0.951,-13.794,-20.325,-177.429
0.116,0.078,1.058,-13.062,-1.343,-204.895
0.115,-0.025,1.043,6.287,3.784,-233.643
0.104,-0.072,1.238,33.447,4.272,-263.245
0.008,-0.159,1.147,49.011,-6.897,-270.203
-0.063,-0.172,1.045,47.974,-17.151,-257.019
-0.029,-0.158,1.100,41.321,-1.038,-236.206
0.053,-0.076,1.091,38.452,6.104,-213.989
0.062,-0.104,0.938,44.556,-7.385,-194.580
0.048,-0.121,0.857,56.335,-12.268,-189.697
0.035,-0.120,0.853,73.547,-4.700,-204.773
-0.043,-0.181,0.845,99.304,3.296,-234.497
-0.147,-0.265,0.893,128.662,7.996,-265.686
-0.208,-0.309,1.021,150.818,11.230,-277.771
-0.196,-0.397,1.136,158.813,10.803,-255.920
-0.125,-0.403,1.231,142.761,3.784,-201.172
-0.039,-0.439,1.158,100.586,-6.653,-123.352
0.073,-0.467,1.080,35.278,-10.864,-42.114
0.133,-0.531,1.019,-23.499,-2.930,13.367
0.111,-0.539,0.982,-51.941,6.775,29.785
0.099,-0.453,0.929,-49.377,10.071,14.526
0.100,-0.328,0.869,-23.437,8.484,-13.245
0.052,-0.261,0.811,9.644,5.310,-39.490
-0.024,-0.303,0.781,38.208,5.310,-58.167
-0.036,-0.301,0.788,49.194,11.658,-71.045
-0.025,-0.280,0.852,44.861,18.616,-73.792
-0.060,-0.278,0.918,33.630,15.198,-58.777
0.001,-0.252,1.087,16.663,2.563,-24.658
-0.075,-0.292,0.924,-6.409,-21.118,20.447
0.020,-0.379,0.904,-31.372,-28.198,53.589
0.089,-0.385,0.949,-46.326,-28.259,58.533
0.002,-0.337,0.925,-49.927,-28.564,53.955
-0.041,-0.336,1.016,-47.485,-17.212,56.030
0.060,-0.320,1.059,-39.856,-2.075,60.730
0.149,-0.270,1.000,-30.029,3.174,59.448
0.162,-0.255,0.986,-21.912,7.446,51.086
0.109,-0.254,0.960,-15.442,6.348,36.316
0.012,-0.192,0.862,-6.714,2.319,15.747
-0.033,-0.149,0.840,2.502,4.089,0.061
-0.017,-0.157,0.838,13.245,8.850,-7.996
0.001,-0.152,0.848,21.118,12.146,-13.550
0.005,-0.145,0.896,23.804,13.977,-14.771
0.002,-0.127,0.950,22.156,11.353,-9.155
0.021,-0.172,0.972,17.517,3.967,3.784
0.073,-0.206,0.977,9.583,-3.723,14.221
0.073,-0.194,0.908,3.113,-6.287,15.686
0.091,-0.203,0.982,1.953,0.000,11.963
0.062,-0.210,0.980,4.395,5.676,9.766
0.067,-0.199,0.992,3.845,7.874,10.742
0.075,-0.183,0.979,0.854,6.592,11.963
0.070,-0.133,0.970,-0.366,2.014,10.681
0.044,-0.110,0.941,-0.061,-6.287,8.545
0.011,-0.131,0.891,-1.221,-12.878,6.348
0.015,-0.109,0.889,-1.892,-12.207,-0.183
0.030,-0.112,0.902,-0.854,-8.484,-4.944
0.048,-0.155,0.916,-1.099,-5.798,-6.042
0.079,-0.163,0.961,-3.357,-3.662,-8.728
0.088,-0.187,0.980,-5.676,-4.395,-8.240
0.087,-0.231,0.981,-8.545,-7.812,-3.723
0.069,-0.252,0.966,-11.902,-9.766,-0.122
0.048,-0.255,0.950,-13.367,-8.728,2.930
0.040,-0.234,0.932,-12.573,-6.104,3.784
0.038,-0.202,0.919,-8.911,-3.174,2.014
0.030,-0.191,0.921,-2.380,-1.587,-0.610
0.026,-0.182,0.928,4.944,-2.258,-6.165
0.029,-0.174,0.947,9.766,-4.333,-12.024
0.027,-0.179,0.954,10.498,-6.348,-14.343
0.029,-0.192,0.954,6.531,-7.690,-15.259
0.036,-0.204,0.954,0.366,-8.240,-15.625
0.037,-0.219,0.948,-3.967,-7.385,-14.099
0.037,-0.226,0.961,-7.507,-5.737,-11.841
0.044,-0.241,0.958,-11.475,-4.089,-7.141
0.053,-0.264,0.955,-13.489,-2.075,-1.465
0.046,-0.289,0.960,-12.756,-0.427,2.625
0.042,-0.268,0.952,-10.071,1.526,4.456
0.045,-0.253,0.948,-5.493,4.028,4.272
0.028,-0.232,0.934,0.000,5.859,2.380
0.025,-0.212,0.934,4.761,6.531,-0.305
0.028,-0.203,0.944,7.812,5.798,-3.906
0.024,-0.194,0.957,7.385,4.028,-6.958
0.027,-0.197,0.964,3.723,1.709,-8.057
0.030,-0.212,0.966,-0.610,-0.977,-6.958
0.034,-0.222,0.958,-3.662,-3.235,-5.493
0.039,-0.229,0.948,-4.883,-4.211,-4.333
0.039,-0.241,0.942,-5.005,-3.906,-3.662
0.035,-0.242,0.933,-3.113,-3.479,-3.784
0.031,-0.231,0.937,0.916,-1.831,-3.479
0.026,-0.212,0.944,4.517,-0.793,-1.953
0.031,-0.193,0.947,6.042,-0.427,-0.366
0.036,-0.194,0.955,7.080,-0.122,-0.488
0.040,-0.180,0.961,7.629,0.183,-3.174
0.043,-0.165,0.967,7.080,0.061,-7.019

0.313,-1.099,1.164,-315.186,-73.242,440.430
0.246,-0.845,0.928,-338.806,-36.926,471.069
-0.072,-0.426,0.648,-290.649,12.390,448.486
-0.192,-0.018,0.579,-169.556,66.162,377.075
-0.124,0.219,0.615,-17.273,97.473,294.678
0.053,0.296,0.822,115.845,99.731,227.539
0.190,0.307,1.099,192.139,76.538,175.537
0.134,0.412,1.169,166.382,33.508,145.386
-0.024,0.483,1.016,53.223,7.751,138.672
-0.055,0.601,0.830,-62.012,13.062,122.925
-0.001,0.602,0.744,-117.371,27.039,91.187
0.020,0.508,0.751,-121.338,28.320,56.335
0.038,0.405,0.758,-102.234,21.790,27.771
0.009,0.372,0.732,-75.928,15.930,7.019
-0.078,0.386,0.696,-43.884,11.475,-1.343
-0.140,0.405,0.685,-10.742,7.874,-4.578
-0.143,0.461,0.708,20.020,4.944,-14.160
-0.124,0.444,0.781,45.715,2.502,-24.048
-0.170,0.488,0.833,59.998,-5.249,-37.659
-0.186,0.419,0.915,61.157,-16.052,-39.856
-0.130,0.265,1.054,46.875,-29.907,-30.029
-0.052,0.153,1.036,21.912,-46.509,-22.278
0.036,0.052,1.042,-10.498,-54.626,-22.949
0.086,-0.003,1.021,-32.532,-53.284,-28.503
0.101,-0.051,1.045,-32.104,-41.260,-33.203
0.118,-0.135,1.045,-23.315,-23.987,-34.912
0.068,-0.100,0.908,-12.939,-7.751,-39.429
0.140,-0.113,1.063,2.502,12.268,-43.274
0.180,0.013,1.039,21.545,13.184,-57.617
0.107,0.092,0.879,42.175,-1.282,-71.350
0.152,0.066,0.962,59.448,7.385,-90.942
0.194,0.119,0.936,73.242,7.141,-128.235
0.131,0.111,0.902,83.008,-1.038,-172.180
0.063,0.087,0.925,87.524,4.822,-214.539
0.051,0.190,0.965,85.754,25.818,-248.657
0.074,0.199,0.834,88.379,45.166,-268.311
0.044,0.187,0.773,105.408,59.387,-297.546
-0.089,0.135,0.823,127.258,61.401,-331.055
-0.206,0.109,0.922,141.479,50.537,-351.624
-0.159,0.120,1.004,137.451,34.058,-349.243
-0.093,-0.002,0.941,119.507,9.766,-321.472
-0.085,-0.227,0.883,99.365,-14.526,-288.940
-0.059,-0.376,0.979,83.191,-30.273,-266.968
-0.039,-0.525,1.046,68.726,-38.330,-246.216
-0.045,-0.614,1.071,53.345,-41.748,-213.074
-0.059,-0.555,1.105,40.222,-40.222,-164.856
-0.063,-0.478,1.123,30.457,-33.875,-104.675
-0.045,-0.439,1.110,10.986,-25.391,-40.955
-0.021,-0.450,1.079,-16.418,-13.733,13.550
0.043,-0.490,1.060,-39.490,-2.136,50.293
0.094,-0.491,1.006,-47.180,4.272,63.049
0.091,-0.433,0.929,-39.551,6.348,54.688
0.009,-0.346,0.887,-26.855,7.385,36.316
-0.028,-0.303,0.886,-19.165,12.695,20.874
-0.015,-0.328,0.862,-19.165,14.160,14.526
-0.003,-0.276,0.853,-23.132,10.254,11.719
0.017,-0.300,0.903,-24.353,2.258,16.113
0.014,-0.299,0.858,-24.292,-9.644,26.306
0.058,-0.245,0.906,-21.790,-20.935,27.710
0.012,-0.306,0.867,-15.015,-38.025,30.640
0.079,-0.225,1.007,-6.287,-34.668,22.705
0.001,-0.208,0.924,4.456,-36.438,18.982
-0.009,-0.226,0.970,10.681,-25.024,20.203
0.049,-0.206,1.022,14.893,-6.348,16.968
0.047,-0.257,0.994,18.005,2.930,18.250
0.042,-0.226,1.005,13.977,12.024,12.878
0.047,-0.235,1.014,6.836,19.348,3.662
0.024,-0.206,0.965,2.686,16.846,-4.639
-0.003,-0.162,0.942,1.831,12.207,-10.559
-0.021,-0.166,0.924,3.174,8.484,-9.460
-0.026,-0.169,0.895,2.991,6.104,-5.066
-0.016,-0.170,0.893,0.244,7.141,0.122
0.006,-0.179,0.909,-2.747,8.911,5.005
0.045,-0.194,0.943,-2.747,10.559,7.690
0.073,-0.202,0.965,-1.892,9.033,7.690
0.071,-0.198,0.979,-1.831,4.639,7.080
0.058,-0.190,0.985,-2.625,1.648,8.057
0.066,-0.191,0.985,-2.930,0.854,9.766
0.065,-0.192,0.976,-1.526,1.099,8.057
0.045,-0.188,0.964,0.244,2.136,2.930
0.019,-0.200,0.960,-0.610,3.052,-2.991
-0.007,-0.199,0.943,-3.235,3.113,-6.104
-0.002,-0.179,0.922,-6.775,0.427,-6.165
0.011,-0.178,0.906,-8.179,-4.517,-5.188
0.017,-0.188,0.913,-5.432,-10.498,-4.578
0.024,-0.198,0.916,-1.526,-16.785,-3.662
0.039,-0.214,0.922,0.061,-20.508,-3.662
0.055,-0.209,0.933,0.244,-18.250,-4.395
0.057,-0.205,0.938,1.282,-11.536,-4.456
0.054,-0.200,0.962,1.953,-3.784,-3.357
0.057,-0.195,0.980,2.136,3.723,-2.502
0.044,-0.199,0.980,2.319,8.179,-1.648
0.018,-0.193,0.964,0.793,7.935,-2.136
0.003,-0.169,0.942,-3.113,3.845,-2.014
-0.020,-0.165,0.931,-6.653,-1.770,-1.160
-0.019,-0.191,0.917,-8.118,-6.104,-0.549
0.007,-0.204,0.920,-7.019,-7.568,-1.892
0.026,-0.214,0.938,-3.723,-7.690,-5.188
0.031,-0.223,0.961,0.000,-7.690,-8.484
0.039,-0.224,0.978,2.258,-7.446,-10.132
0.050,-0.222,0.979,2.380,-6.042,-9.949
0.056,-0.220,0.976,1.038,-3.113,-8.972
0.056,-0.209,0.971,-0.671,0.916,-7.935
0.041,-0.194,0.960,-2.197,4.944,-6.470
0.018,-0.192,0.950,-3.601,8.423,-3.662
0.014,-0.193,0.946,-5.249,9.888,-1.160
0.009,-0.194,0.936,-6.836,8.667,-0.793
0.004,-0.174,0.922,-7.935,6.042,-2.014
0.005,-0.170,0.930,-7.080,2.991,-2.686
-0.001,-0.188,0.944,-3.845,-1.221,-2.625
0.003,-0.188,0.955,-2.686,-4.761,-2.991
0.019,-0.190,0.965,-5.737,-5.676,-2.136
0.028,-0.202,0.983,-9.094,-5.737,-1.038
0.034,-0.203,0.988,-9.705,-5.371,-1.709
0.057,-0.209,0.996,-6.348,-3.601,-3.052
0.074,-0.222,0.998,-1.099,-2.258,-5.493
0.065,-0.224,0.989,2.869,-1.404,-7.751
0.042,-0.217,0.979,4.028,0.061,-7.446
0.024,-0.206,0.962,2.869,2.319,-4.211

0.566,-1.094,1.160,-249.329,-127.014,442.139
0.277,-0.764,0.856,-264.954,-101.074,415.649
-0.148,-0.381,0.720,-228.088,-21.301,366.699
-0.344,-0.091,0.750,-141.724,79.834,315.613
-0.215,0.149,0.685,-36.072,143.188,270.081
0.079,0.323,0.823,47.241,165.955,225.342
0.291,0.442,1.141,91.858,145.569,170.593
0.175,0.593,1.159,93.872,74.585,124.817
-0.051,0.558,1.036,36.377,15.869,115.540
-0.063,0.531,0.856,-48.950,4.211,110.107
0.021,0.501,0.753,-107.727,15.869,92.102
0.024,0.412,0.713,-127.075,22.827,66.711
0.026,0.347,0.750,-118.530,22.156,42.847
0.068,0.313,0.751,-92.651,14.099,30.457
0.030,0.300,0.740,-59.265,1.038,22.278
-0.065,0.353,0.714,-20.264,-8.606,11.841
-0.098,0.357,0.751,16.296,-9.155,2.319
-0.075,0.410,0.797,40.222,-7.202,-14.160
-0.076,0.425,0.876,52.734,-7.751,-31.799
-0.064,0.396,0.946,57.617,-11.353,-48.462
-0.039,0.353,0.970,56.702,-15.442,-69.885
0.009,0.320,0.966,51.025,-15.564,-92.712
0.042,0.271,0.966,45.105,-12.329,-115.479
0.014,0.218,0.980,39.795,-5.005,-139.038
-0.035,0.150,1.041,34.241,7.690,-156.555
-0.087,0.103,1.023,24.414,15.869,-155.945
-0.086,0.040,0.997,9.949,19.592,-140.686
-0.033,-0.032,0.978,-2.686,20.020,-124.146
0.037,-0.049,0.965,-11.414,11.963,-111.267
0.080,-0.033,0.870,-12.512,-13.123,-105.774
0.052,0.044,0.757,2.625,-37.903,-112.793
0.050,0.137,0.674,36.682,-50.232,-126.282
0.102,0.178,0.688,84.229,-53.833,-146.912
0.112,0.088,0.701,132.935,-58.411,-182.495
0.075,0.055,0.828,174.561,-60.852,-234.558
0.089,-0.060,0.968,197.388,-53.711,-276.306
0.080,-0.215,1.040,189.453,-37.781,-297.363
0.073,-0.270,1.085,157.166,-22.095,-302.368
0.025,-0.345,1.004,113.892,-14.099,-295.105
-0.047,-0.371,0.990,72.571,-6.104,-280.090
-0.123,-0.363,1.027,38.818,2.502,-253.540
-0.185,-0.342,1.031,16.235,8.118,-209.717
-0.167,-0.336,0.996,1.892,12.756,-157.349
-0.110,-0.381,0.945,-3.296,16.357,-111.267
-0.031,-0.417,0.961,-3.235,17.090,-82.581
0.010,-0.422,1.007,4.272,13.000,-70.129
0.020,-0.397,1.014,19.592,2.991,-66.833
0.017,-0.369,1.006,36.499,-6.470,-66.467
-0.008,-0.360,0.993,48.401,-11.169,-64.209
-0.044,-0.375,0.986,51.086,-9.277,-56.335
-0.053,-0.393,0.988,44.189,-2.563,-45.532
-0.063,-0.405,1.002,29.724,6.897,-31.982
-0.073,-0.364,1.004,8.667,12.512,-12.085
-0.101,-0.325,0.995,-14.526,10.071,15.869
-0.111,-0.322,0.957,-37.292,1.831,45.593
-0.050,-0.302,0.911,-56.519,-7.568,66.528
-0.005,-0.283,0.871,-64.331,-14.526,76.416
0.048,-0.247,0.927,-53.894,-15.381,71.289
-0.000,-0.214,0.812,-31.738,-15.503,51.758
0.078,-0.279,0.964,-6.775,-9.827,30.701
0.127,-0.263,0.984,13.428,-2.258,6.836
0.071,-0.216,0.978,20.142,-4.639,-6.775
0.009,-0.208,1.001,14.526,-2.075,-7.690
-0.004,-0.235,0.966,7.263,-0.183,-2.808
0.002,-0.228,0.908,3.235,-0.305,-2.563
-0.000,-0.247,0.935,3.418,2.380,-4.700
-0.017,-0.264,0.929,4.395,2.502,-6.653
-0.027,-0.251,0.914,3.784,0.366,-7.202
-0.049,-0.244,0.907,3.784,-1.648,-3.052
-0.035,-0.231,0.916,4.028,-1.892,3.357
-0.019,-0.206,0.910,3.845,-1.953,7.507
-0.003,-0.213,0.950,5.676,-0.488,9.644
0.001,-0.213,0.984,8.423,1.038,9.094
0.021,-0.214,1.013,7.141,3.357,8.362
0.051,-0.210,1.020,1.465,5.676,8.606
0.067,-0.189,1.013,-4.822,7.629,8.545
0.039,-0.195,0.995,-8.789,7.507,6.470
0.000,-0.210,0.963,-9.338,4.639,2.625
-0.027,-0.198,0.943,-7.202,0.793,-2.136
-0.035,-0.200,0.935,-4.150,-2.991,-3.906
-0.029,-0.219,0.915,-1.892,-6.714,-2.441
-0.030,-0.220,0.910,0.793,-8.301,-1.038
-0.012,-0.211,0.919,4.944,-8.545,-1.343
0.010,-0.213,0.944,8.545,-8.789,-2.380
0.025,-0.201,0.962,10.010,-8.850,-3.906
0.028,-0.193,0.967,8.667,-7.812,-5.310
0.029,-0.177,0.979,4.456,-4.883,-5.554
0.025,-0.167,0.970,-3.540,-2.014,-3.235
0.029,-0.174,0.962,-12.756,0.916,-0.549
0.038,-0.197,0.953,-18.433,4.272,0.854
0.031,-0.216,0.945,-19.104,5.554,-0.183
0.013,-0.228,0.931,-15.198,4.700,-3.174
-0.002,-0.252,0.943,-9.521,3.540,-5.066
-0.028,-0.250,0.938,-3.906,0.977,-4.211
-0.036,-0.233,0.922,-1.099,-1.831,-1.770
-0.023,-0.227,0.914,-1.160,-4.395,-0.122
-0.022,-0.217,0.916,-0.305,-6.348,-0.549
-0.020,-0.206,0.929,1.648,-7.629,-2.563
-0.000,-0.203,0.948,3.357,-7.324,-4.028
0.024,-0.202,0.970,3.296,-6.042,-4.272
0.052,-0.209,0.979,1.770,-4.272,-3.967
0.062,-0.222,0.986,-0.793,-1.404,-4.150
0.054,-0.226,0.979,-4.578,2.563,-5.005
0.035,-0.225,0.966,-8.362,6.714,-4.517
0.007,-0.231,0.959,-9.583,10.132,-2.686
-0.002,-0.227,0.957,-7.690,10.803,-0.793
-0.025,-0.239,0.942,-4.883,8.667,-0.427
-0.042,-0.212,0.923,-3.845,4.578,-0.671
-0.043,-0.188,0.913,-2.625,-1.526,-1.160
-0.033,-0.198,0.920,-0.549,-7.141,-1.648
-0.003,-0.207,0.942,2.686,-9.888,-1.526
0.021,-0.204,0.959,3.540,-10.437,-2.502
0.036,-0.210,0.977,2.319,-9.338,-4.639
0.041,-0.215,0.990,0.183,-7.629,-6.958
0.044,-0.224,0.990,-1.770,-4.944,-7.996
0.044,-0.234,0.985,-3.052,-1.343,-9.033
0.029,-0.232,0.971,-3.601,3.906,-9.216
0.004,-0.227,0.955,-4.028,8.545,-8.240
-0.016,-0.218,0.936,-4.517,11.047,-6.470

-0.027,-0.946,1.371,-266.785,-53.955,311.951
0.592,-1.210,1.317,-393.616,-31.067,428.223
0.896,-1.247,1.261,-452.515,-4.578,453.552
0.730,-1.132,0.962,-429.810,18.433,428.650
0.273,-0.766,0.723,-356.445,78.064,385.864
-0.162,-0.325,0.845,-234.497,176.880,322.693
-0.589,-0.051,0.738,-69.458,234.131,262.878
-0.538,0.273,0.661,86.975,235.046,227.356
-0.142,0.429,0.825,185.913,189.270,200.378
-0.114,0.567,0.862,218.811,88.806,167.542
-0.457,0.742,0.790,176.758,-4.150,137.878
-0.218,0.793,1.163,90.088,-19.531,124.512
-0.084,0.720,0.997,2.441,-33.447,113.037
-0.107,0.714,0.912,-56.030,-41.748,84.351
-0.117,0.590,0.898,-69.153,-24.109,54.077
-0.040,0.416,0.834,-55.664,-0.793,37.048
-0.037,0.415,0.762,-32.959,15.320,14.160
-0.086,0.384,0.724,-3.113,24.292,0.488
-0.141,0.369,0.649,22.827,23.376,-4.089
-0.130,0.375,0.617,38.208,16.113,-10.376
-0.070,0.369,0.615,47.607,3.906,-18.799
-0.018,0.333,0.658,49.500,-12.512,-30.457
0.036,0.273,0.701,43.518,-26.489,-41.504
0.082,0.200,0.750,33.081,-34.058,-49.927
0.102,0.149,0.776,22.522,-38.452,-58.838
0.141,0.096,0.810,17.456,-37.476,-69.519
0.182,0.005,0.804,20.508,-32.959,-84.045
0.282,-0.054,0.908,27.832,-28.320,-109.009
0.271,0.020,0.891,38.452,-29.541,-146.179
0.123,0.036,0.803,53.162,-30.151,-182.007
0.058,0.028,0.928,67.810,-5.127,-215.698
0.072,0.064,0.996,79.834,24.841,-251.404
0.065,0.121,0.844,90.332,38.391,-275.513
0.059,0.093,0.764,111.084,44.312,-289.307
0.019,0.064,0.869,142.212,44.250,-302.551
-0.047,0.022,1.036,165.833,29.846,-318.176
-0.107,-0.043,1.195,165.649,1.404,-312.378
-0.123,-0.135,1.225,133.789,-33.691,-274.231
-0.072,-0.231,1.142,84.473,-63.904,-216.675
-0.027,-0.308,1.026,33.020,-78.613,-158.447
0.011,-0.365,0.948,-7.263,-71.167,-118.469
0.035,-0.409,0.936,-27.405,-45.349,-101.196
0.027,-0.398,0.934,-25.146,-16.907,-103.149
0.047,-0.367,0.901,-1.526,5.310,-114.441
0.072,-0.337,0.863,32.959,22.217,-129.517
0.069,-0.344,0.874,67.993,30.090,-148.071
0.048,-0.333,0.963,93.933,26.794,-166.138
-0.005,-0.323,1.066,99.365,21.057,-168.213
-0.080,-0.236,1.092,77.942,17.700,-146.851
-0.088,-0.216,1.159,43.213,14.343,-99.121
-0.081,-0.247,1.106,7.263,1.587,-35.095
-0.039,-0.296,1.058,-29.236,-8.667,18.860
-0.001,-0.396,1.023,-60.425,-8.850,51.941
0.017,-0.451,1.005,-78.796,-3.967,59.509
0.031,-0.419,0.962,-80.200,-0.061,47.729
0.079,-0.345,0.985,-64.453,2.930,31.250
-0.029,-0.261,0.810,-36.987,5.554,11.902
0.030,-0.284,0.935,-8.789,21.118,-4.333
0.097,-0.315,0.931,11.841,29.846,-17.761
0.098,-0.273,0.907,19.409,22.827,-29.541
0.074,-0.233,0.978,16.785,20.325,-28.381
0.002,-0.243,0.975,10.864,16.541,-10.925
-0.017,-0.251,1.001,4.211,10.925,6.348
0.023,-0.239,0.990,-1.404,-3.845,17.395
-0.046,-0.210,0.937,-6.042,-16.113,28.442
-0.040,-0.254,0.876,-9.277,-17.883,39.917
0.025,-0.239,0.928,-7.568,-17.273,37.354
0.050,-0.276,0.944,-1.282,-12.939,29.663
0.086,-0.256,0.987,4.944,-9.033,18.494
0.118,-0.258,0.986,9.338,-6.226,8.362
0.091,-0.249,0.974,11.169,-5.493,0.977
0.074,-0.223,0.975,7.568,1.221,-12.329
0.075,-0.192,0.994,3.906,5.371,-23.926
0.059,-0.135,0.994,2.197,3.235,-27.039
0.011,-0.209,0.987,-0.488,-1.526,-17.456
0.000,-0.210,0.975,-5.554,-0.610,-6.042
0.008,-0.205,0.953,-10.864,0.977,4.517
0.001,-0.259,0.931,-14.648,2.441,17.151
0.026,-0.244,0.954,-14.954,5.676,19.043
0.018,-0.207,0.938,-11.963,2.625,15.686
0.010,-0.199,0.928,-7.812,-1.953,12.329
0.045,-0.199,0.961,-2.686,-2.625,6.836
0.067,-0.206,0.955,2.808,-4.822,1.526
0.074,-0.182,0.954,4.639,-6.287,-2.747
0.072,-0.165,0.965,2.747,-4.700,-5.127
0.050,-0.174,0.963,-0.549,-4.333,-4.944
0.031,-0.178,0.942,-4.333,-4.883,-4.456
0.023,-0.187,0.928,-5.981,-4.639,-4.150
0.016,-0.206,0.925,-4.883,-3.967,-3.052
0.010,-0.203,0.912,-3.662,-3.845,-2.869
0.016,-0.191,0.917,-2.747,-2.930,-1.587
0.019,-0.191,0.921,-3.540,-2.197,0.549
0.018,-0.198,0.921,-5.676,-2.014,2.625
0.033,-0.201,0.933,-7.324,-0.671,3.357
0.047,-0.206,0.953,-6.836,1.831,3.967
0.042,-0.209,0.975,-6.958,3.418,4.822
0.043,-0.208,0.989,-8.728,2.747,6.836
0.050,-0.205,0.981,-10.559,-0.183,7.874
0.052,-0.193,0.957,-10.620,-3.418,6.653
0.047,-0.185,0.945,-9.155,-6.958,4.456
0.044,-0.187,0.928,-5.798,-8.545,1.160
0.043,-0.199,0.929,-1.343,-7.690,-3.662
0.045,-0.205,0.941,2.625,-5.859,-8.362
0.045,-0.221,0.952,4.883,-4.272,-11.292
0.022,-0.235,0.961,6.104,-2.869,-12.329
-0.001,-0.223,0.962,5.432,-1.770,-11.108
0.001,-0.215,0.949,2.991,-0.916,-7.080
0.019,-0.212,0.938,-2.136,-0.854,-2.563
0.025,-0.204,0.931,-5.859,-1.404,0.183
0.017,-0.197,0.929,-5.432,-2.563,0.916
0.011,-0.199,0.944,-2.563,-4.272,1.709
0.020,-0.200,0.957,-1.099,-6.042,4.639
0.037,-0.189,0.965,-1.282,-8.179,7.080
0.048,-0.192,0.969,-0.793,-9.216,7.080
0.052,-0.195,0.976,0.305,-8.850,5.432
0.053,-0.192,0.972,1.282,-7.568,3.418
0.032,-0.186,0.958,1.404,-5.188,1.099
0.005,-0.184,0.968,1.343,-2.625,1.038
-0.006,-0.183,0.968,0.488,-2.930,3.662

0.450,-1.011,1.376,-313.782,-68.054,430.908
0.457,-1.040,1.246,-338.806,-47.363,440.857
0.312,-0.853,0.961,-335.754,-7.202,429.016
-0.012,-0.400,0.607,-292.236,67.444,390.747
-0.232,-0.017,0.575,-178.467,162.354,321.655
-0.231,0.156,0.438,-24.292,208.069,248.474
-0.103,0.387,0.470,107.117,188.477,193.115
-0.019,0.296,0.759,180.237,130.249,164.246
0.039,0.491,0.884,170.898,53.833,148.743
0.004,0.577,0.933,83.191,-8.423,157.776
-0.079,0.660,0.853,-14.282,-45.227,156.555
-0.035,0.690,0.813,-64.941,-48.889,118.530
-0.071,0.597,0.782,-68.848,-39.124,75.989
-0.088,0.486,0.812,-51.392,-25.269,47.791
-0.058,0.437,0.830,-28.015,-9.949,26.794
-0.074,0.445,0.820,-4.944,-4.578,11.047
-0.152,0.468,0.808,12.756,-4.333,-2.747
-0.247,0.458,0.872,21.362,-1.160,-13.916
-0.250,0.402,0.862,18.677,-2.136,-17.761
-0.135,0.348,0.847,8.057,-11.841,-16.663
-0.076,0.300,0.851,-1.709,-25.269,-20.325
-0.058,0.222,0.871,-7.446,-35.339,-32.288
-0.015,0.148,0.899,-9.399,-39.917,-44.800
0.043,0.109,0.936,-9.705,-37.659,-54.382
0.105,0.121,0.961,-7.568,-33.386,-65.186
0.150,0.090,0.956,0.916,-28.198,-81.970
0.151,0.167,0.969,15.564,-21.973,-110.413
0.109,0.182,0.925,32.166,-9.766,-142.273
0.141,0.113,1.023,44.922,11.902,-169.250
0.167,0.100,1.101,47.791,33.936,-199.158
0.167,0.153,1.018,41.016,43.762,-223.755
0.124,0.126,0.838,44.495,49.561,-245.605
0.044,0.025,0.825,71.777,53.650,-272.522
-0.103,0.057,0.893,110.046,50.720,-298.828
-0.217,0.022,0.976,140.015,39.063,-294.556
-0.274,0.070,1.080,137.939,26.062,-257.263
-0.229,-0.008,1.214,99.121,4.150,-177.856
-0.072,-0.310,1.186,41.687,-29.602,-70.862
0.142,-0.466,1.079,-14.038,-53.955,9.766
0.298,-0.423,0.966,-50.659,-54.260,31.189
0.296,-0.302,0.910,-50.171,-41.260,6.775
0.192,-0.155,0.887,-15.686,-35.461,-35.095
0.078,-0.100,0.833,37.720,-38.696,-73.181
0.061,-0.094,0.800,89.600,-35.461,-107.117
0.133,-0.084,0.781,126.953,-28.381,-138.977
0.177,-0.096,0.694,149.414,-26.550,-169.250
0.141,-0.182,0.754,164.612,-24.658,-201.660
0.060,-0.296,0.940,171.570,-23.987,-228.760
-0.035,-0.341,1.089,159.668,-26.184,-232.361
-0.094,-0.263,1.241,119.080,-24.536,-193.420
-0.126,-0.236,1.212,56.152,-27.405,-112.488
-0.056,-0.380,1.078,-14.099,-26.733,-18.250
0.007,-0.556,0.999,-65.613,-13.367,45.349
0.028,-0.543,0.965,-80.078,4.822,53.223
0.041,-0.385,0.936,-63.354,17.578,21.484
0.008,-0.256,0.920,-29.358,18.616,-15.198
-0.047,-0.197,0.938,9.766,13.062,-39.001
-0.056,-0.206,0.933,41.687,9.033,-50.476
-0.010,-0.223,0.948,57.739,10.620,-56.396
0.022,-0.236,0.970,54.077,13.977,-60.425
0.051,-0.217,1.106,37.415,14.526,-56.519
-0.057,-0.188,1.009,16.846,5.798,-38.025
0.025,-0.247,1.084,-2.319,2.808,-7.446
-0.004,-0.216,0.909,-21.545,-12.634,17.700
-0.044,-0.274,0.904,-33.691,-20.508,38.818
-0.028,-0.311,0.901,-31.555,-15.076,48.279
-0.004,-0.281,0.881,-21.790,-12.939,47.241
-0.019,-0.289,0.890,-13.428,-7.935,45.654
0.051,-0.255,0.930,-6.958,0.427,38.147
0.109,-0.219,0.922,-0.854,3.235,26.855
0.067,-0.213,0.924,3.845,2.319,15.503
0.025,-0.197,0.943,0.488,5.310,3.784
0.005,-0.157,0.923,-8.240,4.395,-1.465
-0.011,-0.157,0.911,-15.808,3.601,0.610
-0.013,-0.184,0.911,-21.301,3.296,6.836
0.016,-0.198,0.928,-24.658,1.648,10.498
0.028,-0.231,0.934,-24.780,-1.221,13.123
0.026,-0.244,0.937,-23.987,-2.258,14.587
0.012,-0.250,0.947,-22.217,-0.366,16.235
0.006,-0.250,0.947,-18.250,3.113,17.883
0.015,-0.232,0.946,-11.780,6.042,17.883
0.028,-0.213,0.953,-2.747,7.935,15.869
0.048,-0.189,0.980,6.287,7.446,12.329
0.051,-0.154,0.978,11.475,2.563,6.348
0.054,-0.140,0.970,12.024,-3.601,-0.183
0.046,-0.124,0.960,8.911,-7.446,-5.066
0.046,-0.130,0.982,2.502,-6.592,-7.446
0.025,-0.152,0.963,-6.470,-5.371,-6.592
0.016,-0.179,0.969,-17.517,-1.526,-3.113
0.007,-0.184,0.952,-26.611,2.319,1.526
0.008,-0.211,0.950,-30.823,3.418,8.484
0.029,-0.245,0.955,-30.090,1.526,14.282
0.031,-0.255,0.954,-24.597,-1.892,15.259
0.031,-0.236,0.955,-15.869,-4.700,12.451
0.036,-0.193,0.931,-4.517,-7.141,6.287
0.036,-0.161,0.948,7.874,-8.423,-2.502
0.032,-0.159,0.966,17.883,-8.057,-11.353
0.034,-0.157,0.972,19.958,-6.714,-18.066
0.033,-0.141,0.968,12.939,-4.944,-22.461
0.012,-0.143,0.970,3.784,-3.479,-22.705
-0.011,-0.151,0.967,-4.150,-3.723,-17.334
0.005,-0.183,0.951,-11.902,-3.296,-9.521
0.037,-0.211,0.935,-16.541,-1.953,-5.310
0.038,-0.224,0.936,-14.954,-0.732,-7.568
0.005,-0.241,0.948,-9.277,-0.061,-9.399
-0.001,-0.235,0.947,-4.883,1.099,-7.935
0.008,-0.213,0.953,-2.014,1.587,-4.395
0.015,-0.197,0.965,0.732,0.549,-1.160
0.022,-0.185,0.975,3.418,-0.183,-0.122
0.027,-0.182,0.988,4.456,0.061,0.427
0.029,-0.176,0.978,1.709,0.671,-0.122
0.037,-0.164,0.965,-3.357,1.648,-0.671
0.036,-0.156,0.954,-6.531,2.502,-1.038
0.034,-0.168,0.946,-7.385,2.625,-1.892
0.022,-0.197,0.941,-6.958,2.380,-4.089
0.009,-0.183,0.937,-6.042,2.197,-7.019
0.003,-0.176,0.936,-3.662,0.854,-7.507
0.009,-0.194,0.942,-0.061,-0.854,-4.150
0.023,-0.187,0.941,2.563,-2.930,-2.197

0.343,-1.547,1.135,-252.014,-72.449,375.183
0.616,-1.553,1.005,-332.520,-38.940,459.900
0.496,-1.429,0.888,-331.604,-6.226,476.135
0.124,-0.967,0.735,-252.258,16.296,440.552
-0.260,-0.459,0.602,-131.104,46.204,386.047
-0.421,-0.249,0.662,-0.916,70.801,351.562
-0.316,0.013,0.823,111.145,68.115,329.041
-0.259,0.370,0.988,176.270,35.400,301.697
-0.298,0.634,1.145,171.631,-8.972,289.062
-0.257,0.968,1.180,116.516,-53.040,265.625
-0.247,1.090,1.169,58.350,-86.243,220.703
-0.340,1.169,1.171,9.155,-96.924,155.518
-0.374,1.059,1.110,-32.776,-75.439,91.675
-0.317,0.839,1.004,-73.181,-37.781,45.776
-0.242,0.604,0.892,-102.844,-2.441,14.099
-0.217,0.517,0.782,-109.802,21.484,-10.437
-0.243,0.360,0.720,-87.158,30.396,-28.015
-0.182,0.228,0.681,-49.194,24.963,-35.706
-0.105,0.155,0.627,-12.512,9.705,-44.800
-0.070,0.057,0.667,14.587,-3.601,-50.293
0.014,0.000,0.746,26.978,-8.362,-54.321
0.117,-0.026,0.799,27.039,-13.245,-60.974
0.185,-0.072,0.846,19.653,-20.081,-65.491
0.218,-0.113,0.880,6.775,-25.757,-69.641
0.218,-0.149,0.908,-6.165,-27.222,-77.576
0.209,-0.161,0.939,-12.573,-23.315,-90.759
0.209,-0.149,0.969,-11.780,-14.648,-111.755
0.189,-0.129,0.986,-6.104,-2.991,-140.991
0.180,-0.042,0.943,1.282,12.634,-176.208
0.209,0.050,1.001,15.442,31.189,-214.905
0.155,0.058,0.953,41.321,47.852,-252.136
0.102,0.055,0.965,83.374,65.918,-293.762
0.133,0.059,0.985,132.141,82.153,-331.177
0.104,0.042,0.872,163.391,88.989,-357.605
0.013,-0.048,0.884,167.175,91.553,-368.530
-0.121,-0.108,0.998,155.518,77.209,-360.168
-0.211,-0.160,1.163,133.179,42.175,-320.435
-0.224,-0.166,1.173,90.698,-6.287,-246.643
-0.141,-0.233,1.099,40.527,-46.326,-151.917
-0.021,-0.376,0.942,-2.380,-68.848,-63.049
0.072,-0.514,0.837,-36.072,-68.726,-12.207
0.112,-0.527,0.845,-48.279,-52.551,-9.155
0.085,-0.443,0.893,-32.104,-37.415,-35.278
0.068,-0.353,0.981,3.540,-24.597,-67.383
0.117,-0.312,0.978,42.847,-18.250,-96.619
0.185,-0.298,0.930,75.134,-14.160,-125.305
0.181,-0.273,0.875,95.581,-9.033,-152.710
0.122,-0.299,0.939,106.384,-1.648,-177.490
0.044,-0.405,1.021,106.018,-1.770,-192.383
-0.047,-0.392,1.128,81.848,-10.620,-184.448
-0.117,-0.316,1.156,37.537,-24.231,-142.029
-0.191,-0.280,1.100,-7.690,-36.194,-67.993
-0.244,-0.320,0.991,-48.035,-41.016,17.578
-0.249,-0.421,0.922,-84.351,-31.494,91.980
-0.167,-0.541,0.915,-107.971,-8.911,136.780
-0.031,-0.543,0.999,-115.051,13.672,145.691
0.119,-0.474,1.030,-104.187,22.522,130.676
0.243,-0.344,0.945,-79.773,16.663,104.553
0.182,-0.243,0.793,-46.570,8.728,70.251
0.110,-0.278,0.922,-12.634,15.381,36.194
0.091,-0.248,0.952,12.817,24.963,1.404
0.057,-0.169,0.868,21.729,16.541,-24.231
-0.034,-0.071,0.832,18.127,14.526,-34.546
-0.003,-0.186,0.969,11.047,22.949,-21.729
0.021,-0.181,0.908,-3.479,9.766,-4.211
-0.003,-0.107,0.881,-20.203,-13.062,7.324
-0.033,-0.223,0.890,-25.391,-27.527,24.597
-0.006,-0.212,0.886,-24.048,-39.124,29.114
-0.003,-0.217,0.898,-15.442,-43.274,23.437
-0.029,-0.271,0.913,-0.916,-35.583,19.043
0.038,-0.292,1.013,15.137,-15.015,8.911
0.073,-0.279,0.990,27.405,-1.526,-4.517
0.051,-0.227,0.957,30.762,7.935,-17.761
0.050,-0.194,1.062,27.161,16.357,-26.184
0.002,-0.217,0.988,20.264,14.038,-24.170
-0.021,-0.213,0.945,8.972,10.132,-21.362
-0.020,-0.131,0.954,-3.601,9.888,-20.142
-0.037,-0.109,0.949,-14.343,3.845,-8.362
-0.065,-0.194,0.908,-24.780,-6.348,13.367
-0.023,-0.212,0.899,-32.593,-9.399,25.330
0.024,-0.241,0.899,-34.058,-10.864,27.771
0.032,-0.248,0.892,-29.724,-13.123,26.001
0.040,-0.246,0.909,-20.020,-12.939,18.616
0.041,-0.283,0.932,-5.432,-10.254,8.484
0.047,-0.260,0.968,6.653,-6.714,-2.319
0.055,-0.220,0.992,14.221,-4.578,-10.254
0.043,-0.215,0.993,17.395,-4.333,-13.550
0.014,-0.199,0.991,15.686,-3.235,-13.794
-0.004,-0.175,0.970,9.888,-1.953,-12.512
-0.026,-0.178,0.939,1.953,-0.732,-9.888
-0.040,-0.181,0.910,-6.653,0.183,-8.972
-0.047,-0.190,0.902,-12.207,-0.366,-8.728
-0.045,-0.205,0.912,-14.038,-2.625,-5.737
-0.025,-0.232,0.919,-14.282,-6.042,-0.916
0.004,-0.263,0.931,-13.123,-8.850,2.197
0.027,-0.270,0.946,-9.888,-10.925,2.258
0.031,-0.262,0.966,-4.700,-11.292,0.610
0.025,-0.240,0.995,0.549,-9.827,-0.061
0.031,-0.238,1.006,4.822,-7.446,1.282
0.032,-0.234,1.005,6.836,-4.456,2.380
0.014,-0.206,0.996,5.127,-2.380,2.380
-0.009,-0.173,0.980,0.793,-2.319,3.418
-0.028,-0.164,0.958,-3.052,-4.272,6.042
-0.045,-0.177,0.936,-4.639,-7.080,5.920
-0.041,-0.174,0.927,-5.249,-8.362,1.953
-0.018,-0.175,0.923,-5.920,-8.362,-3.540
0.005,-0.190,0.933,-6.470,-7.507,-8.423
0.008,-0.220,0.955,-6.470,-5.554,-11.658
0.003,-0.233,0.967,-6.470,-3.662,-12.878
0.004,-0.237,0.965,-7.507,-2.930,-11.169
0.003,-0.245,0.960,-7.812,-2.808,-7.324
0.008,-0.255,0.952,-6.531,-3.418,-4.578
0.011,-0.255,0.948,-2.563,-3.418,-4.211
0.010,-0.248,0.953,2.258,-2.869,-6.287
-0.002,-0.230,0.961,6.714,-1.648,-8.911
-0.021,-0.193,0.964,9.094,0.000,-10.254
-0.037,-0.164,0.961,8.057,1.831,-7.446
-0.033,-0.161,0.959,3.967,2.319,-3.906
-0.021,-0.174,0.948,-0.671,0.793,-2.319

0.436,-0.855,0.981,-276.733,-18.433,372.986
0.019,-0.698,0.846,-241.455,29.236,367.798
-0.420,-0.433,0.518,-189.575,92.834,366.760
-0.442,-0.093,0.360,-98.938,142.212,339.172
-0.137,0.111,0.336,15.930,137.634,291.931
0.137,0.131,0.536,111.145,75.012,245.422
0.180,0.244,0.794,151.672,-8.057,199.158
0.105,0.380,1.073,133.850,-65.552,173.035
0.036,0.423,1.178,64.758,-80.750,169.739
0.032,0.506,1.050,-16.785,-69.763,156.555
-0.022,0.524,0.970,-64.880,-38.330,120.300
-0.153,0.418,0.954,-72.510,-9.399,83.130
-0.188,0.360,0.981,-62.256,5.005,58.105
-0.164,0.379,0.992,-45.715,10.132,41.992
-0.250,0.412,0.989,-27.283,13.977,28.809
-0.333,0.470,0.978,-14.099,22.522,16.052
-0.310,0.503,0.962,-9.521,32.837,2.136
-0.270,0.506,0.922,-11.841,34.424,-12.634
-0.288,0.433,0.803,-17.700,24.780,-24.475
-0.141,0.375,0.834,-24.597,11.719,-36.316
-0.072,0.308,0.807,-26.672,-1.892,-46.631
0.015,0.193,0.870,-23.926,-12.451,-54.382
0.062,0.134,0.849,-16.602,-24.353,-64.392
0.090,0.077,0.914,-4.395,-28.687,-73.120
0.096,0.007,0.954,11.658,-23.926,-77.576
0.063,-0.045,0.959,24.841,-15.015,-82.581
0.081,-0.021,1.023,31.799,-3.540,-89.722
0.077,0.034,0.937,36.621,4.333,-101.135
0.041,0.082,0.909,44.739,17.456,-115.601
0.015,0.091,0.954,54.443,41.504,-131.775
0.028,0.077,1.003,55.847,64.270,-147.156
0.084,0.099,1.014,45.471,79.163,-167.236
0.133,0.132,0.972,32.471,81.970,-188.904
0.104,0.153,0.893,32.166,75.378,-209.778
0.004,0.075,0.920,48.889,61.218,-225.159
-0.120,0.058,0.938,63.843,41.077,-227.356
-0.127,0.108,1.001,62.195,22.339,-213.379
-0.079,0.057,1.004,44.617,2.747,-177.795
0.014,0.031,0.946,17.639,-16.357,-143.127
0.121,0.033,0.904,-1.099,-30.701,-128.845
0.156,0.004,0.837,0.427,-45.044,-142.395
0.138,-0.058,0.775,24.048,-56.274,-183.838
0.083,-0.171,0.755,65.491,-60.852,-237.854
0.002,-0.291,0.741,110.107,-57.312,-288.940
-0.081,-0.371,0.838,147.156,-43.335,-323.669
-0.172,-0.373,0.977,167.786,-26.428,-326.050
-0.191,-0.305,1.126,159.790,-11.536,-287.659
-0.138,-0.306,1.195,122.864,-7.385,-208.252
-0.031,-0.400,1.138,60.608,-13.306,-108.643
0.091,-0.492,1.019,-11.719,-21.729,-21.606
0.149,-0.507,0.889,-66.467,-25.208,26.428
0.136,-0.428,0.823,-82.336,-23.804,28.748
0.048,-0.345,0.822,-59.814,-25.024,1.099
-0.023,-0.285,0.850,-19.897,-28.809,-34.180
-0.021,-0.290,0.904,19.165,-28.076,-65.125
-0.021,-0.318,0.945,51.453,-25.757,-88.257
-0.039,-0.341,1.039,70.251,-24.536,-94.788
-0.051,-0.350,1.154,70.190,-24.597,-75.806
-0.037,-0.331,1.213,48.645,-26.367,-34.729
-0.043,-0.337,1.126,13.855,-31.433,15.381
-0.024,-0.323,1.093,-19.836,-31.494,55.908
-0.085,-0.339,1.012,-39.307,-25.513,78.125
-0.105,-0.351,0.973,-42.297,-14.160,83.130
-0.072,-0.252,0.990,-34.607,-0.427,72.693
-0.046,-0.241,0.980,-23.071,6.409,63.293
0.019,-0.187,0.955,-14.587,10.986,49.316
0.073,-0.135,0.960,-4.639,11.780,31.311
0.071,-0.198,0.947,5.005,9.766,16.052
0.037,-0.184,0.942,8.301,10.620,-0.244
0.025,-0.168,0.969,5.249,12.573,-9.827
0.003,-0.190,0.950,2.075,10.864,-11.658
-0.028,-0.165,0.932,-3.357,8.667,-10.254
-0.040,-0.148,0.918,-10.315,4.700,-2.441
-0.061,-0.168,0.884,-14.404,-3.540,10.315
-0.057,-0.173,0.878,-14.832,-10.376,20.508
-0.037,-0.168,0.882,-10.986,-13.123,23.987
-0.052,-0.130,0.862,-2.625,-11.292,20.142
0.015,-0.173,0.968,6.775,-2.380,14.465
0.029,-0.204,0.960,13.245,0.122,9.583
0.045,-0.209,1.004,13.184,2.747,1.892
0.038,-0.207,1.000,8.118,3.296,-4.761
0.039,-0.215,0.980,-0.671,4.089,-9.277
0.021,-0.210,0.973,-8.789,8.240,-11.658
-0.001,-0.179,0.977,-14.526,10.559,-8.667
-0.028,-0.192,0.934,-18.860,7.690,-0.305
-0.040,-0.191,0.912,-19.287,4.456,5.920
-0.044,-0.180,0.894,-16.052,1.526,8.057
-0.045,-0.157,0.891,-10.864,-2.380,9.033
-0.036,-0.146,0.926,-4.700,-4.395,9.827
-0.011,-0.157,0.945,0.977,-6.348,12.207
0.032,-0.166,0.971,3.540,-6.348,13.916
0.069,-0.174,0.991,3.540,-4.272,11.841
0.063,-0.183,1.001,1.648,-2.258,7.446
0.041,-0.212,1.004,-1.221,0.305,1.282
0.013,-0.195,0.988,-4.395,3.296,-7.080
-0.015,-0.161,0.963,-7.385,5.371,-11.902
-0.047,-0.160,0.938,-10.803,5.615,-9.827
-0.058,-0.172,0.930,-13.306,3.723,-4.700
-0.046,-0.186,0.929,-13.062,1.343,-1.587
-0.030,-0.193,0.932,-9.766,-0.977,-1.160
-0.023,-0.183,0.940,-6.287,-3.357,-1.831
-0.018,-0.181,0.954,-4.761,-3.967,-0.366
-0.002,-0.187,0.971,-4.761,-4.028,3.723
0.023,-0.197,0.974,-4.944,-3.601,7.019
0.047,-0.194,0.981,-5.249,-2.625,6.653
0.056,-0.177,0.983,-3.601,-2.197,2.258
0.035,-0.168,0.981,0.183,-1.831,-4.089
0.010,-0.166,0.986,2.930,-0.061,-8.545
-0.006,-0.184,0.989,2.197,1.770,-10.254
-0.002,-0.188,0.971,-3.418,4.761,-9.644
-0.005,-0.192,0.951,-10.620,8.362,-6.836
-0.021,-0.200,0.940,-15.198,10.986,-2.869
-0.037,-0.211,0.942,-17.212,11.841,-0.183
-0.035,-0.203,0.942,-16.907,11.536,3.174
-0.003,-0.190,0.963,-14.526,10.010,6.958
-0.004,-0.176,0.970,-10.803,8.057,9.888
0.041,-0.180,0.958,-5.920,3.906,12.207
0.045,-0.177,0.946,-1.221,-0.549,10.681
0.062,-0.167,0.966,3.601,2.991,4.211

