aX,aY,aZ,gX,gY,gZ
-0.356,1.375,1.520,96.558,-13.428,-152.954
-0.541,1.308,1.547,62.744,17.395,-230.530
-0.547,1.206,1.387,9.888,63.904,-311.218
-0.536,1.209,1.126,-40.039,104.980,-391.479
-0.454,1.053,0.962,-76.904,126.587,-443.787
-0.332,0.794,0.805,-108.276,124.207,-448.730
-0.283,0.466,0.754,-129.028,96.802,-430.969
-0.339,0.217,0.738,-135.986,54.810,-418.518
-0.360,0.097,0.620,-130.981,10.681,-407.654
-0.361,-0.030,0.381,-92.896,-23.254,-394.226
-0.462,-0.374,0.306,1.465,-41.992,-391.602
-0.515,-0.897,0.392,122.070,-56.763,-389.832
-0.518,-1.243,0.513,196.533,-68.481,-358.398
-0.410,-1.859,0.845,195.618,-66.467,-277.588
-0.269,-2.077,0.935,133.484,-61.340,-178.589
-0.213,-1.831,0.860,63.049,-63.843,-94.910
-0.287,-1.579,0.849,21.362,-60.852,-32.410
-0.348,-1.393,0.791,11.963,-49.805,11.292
-0.360,-1.200,0.760,27.893,-43.396,41.443
-0.359,-1.002,0.843,62.744,-37.842,55.420
-0.308,-0.870,0.926,105.225,-34.180,60.303
-0.222,-0.817,1.017,132.996,-34.607,68.481
-0.191,-0.794,1.111,134.460,-36.926,86.914
-0.268,-0.763,1.162,104.919,-37.415,120.239
-0.325,-0.678,1.135,49.805,-34.912,163.330
-0.316,-0.495,1.132,-12.817,-26.794,205.017
-0.254,-0.345,1.156,-65.430,-14.038,244.751
-0.197,-0.267,1.233,-104.553,2.380,286.804
-0.183,-0.232,1.235,-128.174,24.719,322.998
-0.260,-0.225,1.165,-139.160,52.124,342.163
-0.352,-0.155,1.026,-144.287,78.735,338.074
-0.426,-0.034,0.823,-145.874,93.018,317.444
-0.418,0.118,0.642,-139.465,89.661,294.739
-0.332,0.242,0.537,-121.216,69.763,276.062
-0.209,0.264,0.469,-89.539,35.645,255.554
-0.047,0.340,0.465,-50.964,-6.714,227.905
0.052,0.397,0.519,-15.991,-48.096,202.026
0.054,0.384,0.661,8.240,-78.064,182.190
0.036,0.382,0.860,23.315,-92.346,157.593
0.068,0.352,0.984,34.973,-91.431,129.028
0.080,0.303,1.108,42.175,-76.172,100.830
0.040,0.233,1.175,36.377,-54.688,83.008
-0.046,0.190,1.182,16.052,-33.936,76.294
-0.135,0.139,1.108,-11.047,-18.188,80.688
-0.212,0.013,1.031,-36.072,-7.507,92.896
-0.155,0.093,0.971,-49.622,-1.099,91.248
-0.097,0.111,0.929,-43.030,0.305,82.031
-0.061,0.110,0.912,-25.391,-2.197,69.092
0.001,0.114,0.905,-6.775,-5.798,52.551
0.003,0.098,0.932,6.592,-9.033,39.734
0.002,0.119,0.972,10.254,-12.756,30.823
0.037,0.149,0.997,8.789,-15.747,24.475
0.060,0.154,1.010,6.226,-14.954,17.578
0.056,0.150,1.016,1.587,-11.841,8.850
0.041,0.120,1.011,-2.563,-7.507,-0.366
0.022,0.065,0.997,-4.456,-2.747,-7.996
-0.019,0.014,0.971,-4.395,0.854,-11.108
-0.050,-0.041,0.945,-3.723,2.014,-6.897
-0.066,-0.055,0.921,-1.587,0.183,0.366
-0.065,-0.039,0.924,2.014,-3.540,8.911
-0.011,-0.040,0.995,5.859,-7.019,17.273
-0.000,-0.025,0.991,8.118,-15.015,21.423
-0.024,0.001,1.003,7.568,-17.334,19.531
0.016,0.034,1.051,3.052,-9.338,16.296
0.050,0.058,1.081,-5.310,-4.089,12.146
0.031,0.072,1.080,-15.503,-1.282,6.104
0.017,0.047,1.061,-25.452,4.395,1.465
0.016,0.018,1.010,-32.166,10.620,-2.197
-0.007,-0.025,0.948,-33.997,14.648,-5.554
-0.003,-0.062,0.899,-30.212,16.541,-4.395
0.038,-0.061,0.878,-19.958,13.855,-1.526
0.034,-0.055,0.874,-3.357,5.737,0.610
-0.002,-0.046,0.902,14.160,-1.953,2.869
-0.015,-0.034,0.940,25.330,-5.188,5.249
0.002,-0.000,0.971,27.405,-6.287,8.606
0.005,0.035,0.991,24.353,-8.240,10.742
-0.007,0.051,0.990,18.372,-9.766,9.888
-0.007,0.057,0.989,11.536,-9.033,6.470
0.003,0.032,0.994,4.456,-6.104,2.380
-0.010,0.003,0.975,-2.930,-3.540,-0.671
-0.022,-0.012,0.958,-8.606,-0.916,-1.221
-0.016,-0.038,0.940,-9.583,0.671,-1.099
-0.009,-0.064,0.924,-4.883,1.587,-0.549
-0.016,-0.063,0.917,4.028,2.502,1.160
-0.024,-0.044,0.911,13.245,3.113,2.869
-0.018,-0.026,0.916,19.043,1.648,4.578
-0.018,-0.001,0.919,20.569,-1.709,5.981
-0.023,0.024,0.934,18.921,-4.822,5.798
-0.009,0.038,0.947,15.564,-5.737,3.784
-0.000,0.039,0.947,10.193,-5.859,0.916
0.002,0.025,0.959,4.395,-4.578,-1.831
-0.005,-0.009,0.954,-1.282,-3.906,-3.479
-0.009,-0.043,0.941,-7.141,-3.845,-2.563
-0.004,-0.064,0.922,-9.399,-3.296,-0.366
-0.011,-0.064,0.915,-6.348,-2.686,1.160
-0.022,-0.057,0.916,0.610,-2.747,1.892
-0.022,-0.042,0.921,8.484,-3.540,2.808
-0.025,-0.032,0.945,13.916,-5.005,2.991
-0.026,-0.015,0.965,14.038,-6.409,2.808
-0.016,-0.000,0.983,11.475,-7.629,2.258
-0.015,0.004,0.990,7.751,-7.874,0.793
-0.018,0.005,0.986,2.380,-7.324,-0.977
-0.010,0.001,0.984,-3.052,-6.653,-1.892
-0.001,-0.007,0.975,-5.859,-7.141,-2.930
-0.004,-0.024,0.977,-5.737,-7.019,-4.150
-0.006,-0.049,0.981,-5.859,-6.409,-5.066
-0.011,-0.069,0.975,-6.653,-5.371,-3.845
-0.013,-0.084,0.970,-6.653,-3.784,-1.343
-0.018,-0.081,0.960,-4.700,-2.380,1.343
-0.027,-0.069,0.947,-0.122,-2.014,4.333
-0.027,-0.045,0.948,5.432,-2.991,6.470
-0.020,-0.026,0.961,9.827,-4.822,6.348
-0.012,-0.018,0.982,10.742,-6.836,4.944
-0.016,-0.016,0.985,7.751,-7.202,3.723
-0.011,-0.014,0.998,2.747,-6.042,2.808
-0.014,-0.026,0.977,-2.747,-5.249,2.075
-0.010,-0.025,0.959,-6.958,-4.700,1.343
-0.014,-0.039,0.946,-7.019,-4.272,0.366
-0.004,-0.058,0.958,-5.188,-4.639,0.122

0.228,-0.979,1.262,16.296,93.567,-228.577
-0.234,-1.083,1.347,-16.907,75.134,-224.670
-0.231,-0.995,1.207,-16.296,86.365,-172.241
-0.304,-0.828,1.053,-14.465,57.190,-120.117
-0.398,-0.883,0.869,-28.687,14.709,-69.885
-0.423,-0.837,0.819,-50.842,-0.244,-31.067
-0.403,-0.883,0.846,-70.190,-0.366,9.766
-0.421,-0.925,0.884,-92.041,7.690,57.068
-0.351,-0.831,0.878,-114.441,21.729,96.313
-0.239,-0.640,0.831,-115.784,34.607,123.047
-0.229,-0.527,0.827,-87.646,38.147,141.541
-0.254,-0.504,0.834,-47.058,34.119,151.978
-0.283,-0.533,0.847,-16.907,28.687,154.968
-0.225,-0.474,0.825,-7.751,26.306,148.071
-0.090,-0.330,0.781,-7.690,26.428,131.409
-0.001,-0.232,0.784,-4.761,28.564,111.877
0.022,-0.213,0.817,-2.563,30.823,97.046
0.012,-0.235,0.873,-5.676,31.738,88.928
-0.013,-0.296,0.922,-16.113,30.579,90.576
-0.044,-0.387,0.932,-35.950,27.405,106.140
-0.025,-0.475,0.907,-64.026,23.804,138.489
0.000,-0.505,0.891,-94.055,21.179,184.204
0.004,-0.436,0.848,-125.549,21.912,231.628
0.012,-0.256,0.770,-151.306,30.212,264.343
-0.021,-0.097,0.762,-162.231,41.992,275.208
-0.052,0.046,0.765,-158.630,47.791,268.372
-0.070,0.106,0.736,-132.874,45.410,250.916
-0.072,0.111,0.759,-86.365,39.307,227.478
-0.049,0.111,0.784,-32.104,29.663,208.557
-0.049,0.012,0.947,19.165,14.099,201.660
-0.055,-0.064,1.127,51.086,-6.775,210.754
-0.003,-0.094,1.218,46.326,-24.902,237.061
0.005,-0.068,1.191,10.376,-41.199,260.498
-0.121,-0.033,1.096,-35.034,-58.228,265.320
-0.181,0.067,1.000,-73.059,-66.467,252.869
-0.165,0.117,0.997,-100.342,-57.861,235.474
-0.111,0.194,0.987,-130.127,-41.260,216.248
-0.022,0.286,0.853,-162.292,-25.085,199.036
0.016,0.552,0.620,-170.715,-9.399,180.481
-0.028,0.550,0.577,-130.859,1.648,154.175
-0.046,0.468,0.674,-66.956,-2.502,117.737
0.024,0.403,0.752,-12.329,-20.996,78.308
0.080,0.350,0.885,24.841,-33.997,45.471
0.052,0.215,0.997,41.687,-34.607,33.264
0.038,0.160,0.989,34.119,-31.921,33.813
0.043,0.163,0.948,16.174,-24.597,36.072
0.028,0.199,0.888,5.066,-13.794,35.767
0.010,0.219,0.846,5.676,-5.920,27.771
0.011,0.214,0.845,14.709,-5.188,16.357
0.000,0.198,0.883,25.635,-10.742,5.371
-0.018,0.160,0.929,30.823,-17.151,-2.075
-0.042,0.136,0.966,25.146,-19.409,-5.737
-0.027,0.128,0.999,13.855,-19.104,-8.118
0.016,0.110,1.016,7.996,-17.517,-11.292
0.033,0.087,1.027,9.644,-14.404,-15.198
0.022,0.049,1.063,13.184,-10.498,-18.494
0.003,0.011,1.080,14.404,-7.263,-17.883
-0.046,-0.015,1.049,14.709,-5.920,-10.620
-0.045,-0.017,1.051,14.832,0.793,0.366
-0.024,0.009,1.004,15.320,4.395,10.437
-0.021,0.048,1.009,15.747,5.859,13.916
-0.028,0.074,0.990,17.029,5.371,13.184
-0.025,0.103,0.987,18.188,4.333,10.742
-0.018,0.116,0.986,17.334,5.249,7.812
-0.003,0.136,0.978,13.550,5.920,3.967
-0.013,0.152,0.967,8.789,6.104,-0.549
-0.033,0.148,0.961,4.028,5.737,-4.761
-0.027,0.131,0.956,-1.892,2.502,-8.667
-0.009,0.104,0.948,-6.348,-1.160,-10.498
-0.002,0.086,0.955,-5.737,-2.625,-11.475
0.005,0.072,0.964,-1.953,-2.136,-12.817
-0.010,0.063,0.965,0.610,-2.075,-12.207
-0.023,0.050,0.962,0.793,-1.465,-7.874
-0.008,0.050,0.941,-0.549,-1.587,-3.235
0.000,0.054,0.924,0.061,-1.953,-1.587
-0.003,0.071,0.912,2.380,-2.441,-2.563
-0.006,0.077,0.913,5.005,-3.479,-5.188
-0.004,0.077,0.920,6.836,-5.249,-8.301
0.000,0.073,0.932,5.615,-7.263,-10.315
0.000,0.056,0.946,2.014,-9.888,-11.597
-0.001,0.040,0.952,-3.723,-12.329,-11.536
0.012,0.032,0.956,-8.911,-13.184,-11.169
0.019,0.012,0.959,-9.766,-12.512,-11.230
0.017,-0.029,0.970,-5.737,-11.169,-11.475
0.025,-0.022,0.979,0.793,-8.301,-11.475
-0.008,-0.037,0.977,8.179,-4.639,-8.606
-0.010,-0.018,0.996,12.939,-0.427,-3.479
-0.019,0.008,0.980,14.282,1.892,1.587
-0.031,0.011,0.996,12.268,2.747,7.629
-0.026,0.058,0.973,9.338,1.892,9.399
-0.026,0.079,0.974,7.385,1.221,9.766
-0.003,0.091,0.981,6.348,1.953,8.118
-0.008,0.101,0.972,4.272,0.793,3.967
-0.018,0.093,0.975,0.916,0.916,1.343
-0.008,0.078,0.962,-2.625,1.343,-0.732
-0.011,0.053,0.940,-5.371,0.916,-1.160
-0.022,0.041,0.918,-5.859,0.916,0.427
-0.015,0.054,0.908,-2.991,0.244,0.671
-0.005,0.056,0.923,3.662,-1.038,0.244
-0.002,0.054,0.949,12.024,-2.991,-1.160
-0.006,0.049,0.964,17.151,-4.028,-2.869
-0.009,0.053,0.971,17.090,-3.052,-4.089
-0.019,0.051,0.959,14.648,-2.136,-3.967
-0.025,0.030,0.947,10.864,-2.319,-3.845
-0.025,0.015,0.937,6.348,-4.211,-2.930
-0.017,0.014,0.933,3.418,-7.446,-0.244
0.002,0.014,0.946,3.784,-11.292,1.953
0.012,0.005,0.963,6.287,-13.916,1.770
0.001,-0.003,0.971,7.324,-13.184,2.075
-0.000,-0.000,0.967,5.066,-9.583,2.441
0.000,0.007,0.955,3.296,-5.981,3.113
-0.016,0.014,0.956,3.784,-4.272,3.784
-0.031,0.016,0.953,5.981,-4.761,3.662
-0.029,0.021,0.946,7.202,-5.493,4.333
-0.030,0.031,0.956,8.484,-6.836,5.066
-0.034,0.032,0.959,10.620,-7.507,4.456
-0.034,0.032,0.972,10.254,-7.080,4.211
-0.037,0.027,0.986,8.545,-5.615,5.249
-0.045,0.030,0.978,5.066,-5.005,6.409

-0.192,-1.127,1.260,-47.668,-17.090,-167.908
-0.298,-1.095,1.148,-63.354,10.498,-112.366
-0.339,-0.984,1.000,-73.486,38.696,-65.247
-0.378,-0.877,0.946,-84.229,63.477,-23.071
-0.471,-0.825,0.947,-97.351,73.181,20.630
-0.454,-0.744,0.903,-113.281,63.721,63.354
-0.337,-0.575,0.806,-123.718,42.664,96.069
-0.278,-0.418,0.742,-115.601,20.020,117.126
-0.293,-0.358,0.698,-90.088,2.686,133.667
-0.217,-0.356,0.638,-58.289,-4.395,147.156
-0.102,-0.398,0.642,-30.151,-2.014,154.846
-0.044,-0.441,0.659,-11.047,2.991,154.724
-0.063,-0.441,0.658,-3.723,4.578,144.714
-0.115,-0.384,0.701,-0.610,1.465,129.211
-0.060,-0.237,0.755,8.789,-5.676,110.962
-0.004,-0.138,0.864,39.734,-16.296,92.590
-0.020,-0.241,1.036,88.318,-31.494,79.346
-0.118,-0.494,1.181,123.962,-46.692,81.909
-0.179,-0.750,1.276,124.023,-53.833,108.521
-0.135,-0.718,1.307,90.942,-49.316,161.499
-0.125,-0.538,1.254,34.912,-34.363,235.046
-0.220,-0.465,1.156,-32.043,-7.751,309.753
-0.245,-0.406,1.066,-101.868,27.344,362.671
-0.217,-0.306,1.047,-162.537,63.171,400.024
-0.225,-0.280,0.970,-197.876,87.524,426.880
-0.281,-0.176,0.796,-204.224,99.487,419.983
-0.284,0.034,0.635,-186.951,101.196,372.498
-0.245,0.271,0.506,-151.001,89.905,308.044
-0.187,0.428,0.436,-96.619,66.772,244.568
-0.151,0.485,0.549,-29.480,37.231,192.871
-0.098,0.412,0.769,31.433,-2.502,158.997
-0.030,0.304,0.962,68.420,-52.795,139.587
0.002,0.246,1.057,68.176,-97.839,126.648
-0.015,0.216,1.126,38.452,-116.089,124.023
-0.021,0.275,1.190,-0.488,-107.544,127.014
-0.001,0.406,1.156,-33.447,-79.407,126.099
0.015,0.460,1.146,-48.523,-38.086,112.305
-0.015,0.391,1.147,-49.500,-1.099,87.585
-0.064,0.339,1.075,-51.086,22.644,58.228
-0.085,0.311,0.976,-55.420,37.842,29.114
-0.135,0.257,0.892,-56.213,45.105,10.559
-0.153,0.226,0.800,-53.894,39.734,-0.854
-0.113,0.192,0.761,-45.349,27.771,-6.531
-0.026,0.129,0.779,-32.471,13.489,-7.629
0.069,0.091,0.816,-20.264,-3.662,-7.019
0.100,0.058,0.849,-9.644,-18.127,-4.639
0.094,0.044,0.880,-1.831,-24.536,-3.906
0.109,0.054,0.908,2.563,-22.583,-3.357
0.120,0.054,0.936,7.385,-19.165,-2.991
0.113,0.035,0.958,12.207,-17.517,-3.540
0.090,0.017,0.974,14.771,-16.724,-4.028
0.062,0.037,0.992,13.916,-14.832,-3.540
0.046,0.054,1.022,11.414,-10.132,-2.197
0.040,0.034,1.033,9.216,-5.798,-2.136
0.016,0.028,1.000,7.385,-1.404,-3.784
0.027,0.009,1.038,5.981,3.357,-2.930
-0.001,0.019,0.964,4.089,-1.282,-0.977
-0.014,0.034,0.974,4.883,-5.981,-0.244
-0.004,0.033,0.964,8.667,-5.859,1.526
0.017,0.036,0.982,11.414,-5.432,2.930
0.043,0.054,1.005,13.000,-4.639,0.854
0.045,0.053,1.012,13.916,-4.883,0.488
0.028,0.055,1.016,12.268,-3.967,0.244
0.023,0.065,1.001,8.850,0.061,-2.136
0.019,0.070,0.987,5.737,5.554,-5.554
0.008,0.077,0.983,2.991,7.874,-8.179
-0.003,0.074,0.963,1.282,4.333,-8.057
-0.000,0.045,0.940,0.549,-2.136,-4.944
0.003,0.011,0.922,0.244,-6.958,-1.648
0.021,-0.006,0.908,-1.099,-9.827,0.916
0.023,0.002,0.908,-1.953,-11.475,1.892
0.026,0.007,0.932,1.038,-11.353,1.282
0.039,0.023,0.964,6.348,-9.155,-0.977
0.033,0.023,0.972,11.169,-7.690,-2.991
0.028,0.020,0.991,14.526,-6.592,-5.310
0.041,0.015,1.018,16.174,-3.723,-8.484
0.022,0.025,1.019,14.099,0.122,-9.033
-0.013,0.018,0.973,9.155,0.610,-6.226
0.002,0.021,0.975,4.395,0.488,-2.930
-0.008,0.003,0.953,2.869,-1.892,-0.122
-0.028,0.001,0.922,2.991,-4.028,3.235
-0.008,0.018,0.923,2.625,-3.296,3.296
0.003,0.030,0.936,3.235,-3.906,1.465
0.002,0.022,0.956,4.395,-5.371,0.732
0.031,0.015,0.976,3.357,-5.798,2.075
0.045,0.022,0.989,-0.305,-6.226,3.052
0.037,0.021,0.988,-2.625,-5.493,2.563
0.034,0.026,0.999,-2.258,-2.014,1.831
0.029,0.030,0.991,1.038,1.404,2.747
0.024,0.019,0.986,6.714,2.686,2.136
0.020,-0.008,0.990,12.329,3.479,0.061
0.003,-0.014,0.967,14.282,3.845,-0.610
-0.011,0.002,0.944,13.489,4.700,-0.793
-0.021,0.022,0.934,13.245,5.432,-1.465
-0.017,0.021,0.931,13.062,3.479,-2.258
-0.002,0.024,0.920,10.925,-0.671,-2.014
0.000,0.037,0.927,4.700,-4.028,-1.648
0.008,0.043,0.940,-2.747,-5.798,-2.136
0.019,0.032,0.965,-6.897,-7.385,-3.540
0.026,0.003,0.994,-8.362,-6.897,-5.005
0.029,-0.008,0.999,-9.827,-5.005,-4.456
0.027,-0.018,0.992,-10.559,-2.380,-1.648
0.022,-0.032,0.972,-8.484,0.305,3.357
0.005,-0.032,0.954,-4.211,2.502,6.653
-0.015,-0.007,0.922,1.282,3.845,7.080
-0.003,0.014,0.905,7.507,2.686,6.165
0.004,0.017,0.921,13.245,-1.526,5.371
0.010,0.017,0.933,14.526,-6.897,4.883
0.022,0.026,0.944,11.047,-10.254,4.578
0.021,0.038,0.953,5.188,-10.681,4.395
0.026,0.045,0.957,-1.526,-9.277,3.967
0.028,0.034,0.966,-8.179,-7.324,2.686
0.022,0.012,0.965,-13.184,-5.737,1.770
0.019,-0.000,0.955,-15.686,-4.028,1.953
0.013,-0.007,0.946,-14.099,-1.465,2.258
0.004,-0.023,0.941,-10.193,0.305,2.258
0.004,-0.017,0.933,-4.761,0.488,3.845
0.010,-0.001,0.933,0.732,-0.122,6.287
0.001,0.021,0.948,5.554,-2.075,7.141

-0.440,-1.565,1.058,-133.545,17.517,-190.186
-0.413,-1.529,0.998,-137.085,25.269,-109.009
-0.329,-1.375,0.952,-107.361,19.836,-50.110
-0.335,-1.202,0.869,-67.322,1.770,-14.282
-0.376,-1.020,0.802,-36.438,-15.991,9.155
-0.349,-0.779,0.801,-16.724,-32.410,35.522
-0.301,-0.608,0.897,-1.404,-50.842,71.655
-0.260,-0.506,0.964,6.775,-68.970,108.276
-0.203,-0.555,0.990,2.747,-79.651,138.367
-0.153,-0.506,0.928,-13.245,-79.895,158.447
-0.173,-0.447,0.922,-25.269,-67.566,164.490
-0.205,-0.382,0.861,-27.283,-50.110,163.025
-0.184,-0.293,0.812,-22.400,-32.410,156.250
-0.128,-0.202,0.818,-17.395,-15.747,146.729
-0.089,-0.147,0.838,-16.052,-6.226,136.536
-0.068,-0.072,0.868,-15.747,-0.793,126.160
-0.126,0.003,0.938,-15.991,3.357,119.385
-0.178,-0.025,1.005,-23.682,3.235,127.380
-0.107,-0.032,1.032,-44.983,3.296,150.879
-0.042,-0.075,1.078,-78.003,7.751,178.772
0.012,-0.091,1.106,-122.314,17.883,202.942
0.084,0.001,1.053,-165.527,36.987,222.290
0.104,0.092,1.005,-183.960,60.730,233.521
0.045,0.112,1.028,-173.950,76.416,236.816
-0.003,0.013,1.090,-151.489,80.750,246.338
-0.027,-0.185,1.144,-133.545,82.642,272.278
-0.116,-0.452,1.207,-136.169,86.853,293.945
-0.130,-0.412,1.075,-161.133,87.524,290.710
0.033,-0.066,0.847,-182.434,80.933,259.033
0.111,0.251,0.706,-163.574,59.082,211.670
0.031,0.431,0.612,-103.210,17.456,161.072
-0.052,0.441,0.582,-26.306,-22.461,119.812
-0.069,0.367,0.678,38.330,-44.983,90.576
-0.056,0.335,0.789,65.491,-51.575,79.956
-0.043,0.299,0.932,49.500,-48.584,90.149
0.053,0.251,1.040,11.841,-39.368,113.892
0.151,0.213,1.095,-29.358,-29.236,134.583
0.166,0.216,1.062,-61.890,-24.719,137.268
0.096,0.229,0.968,-69.336,-24.841,120.667
0.030,0.238,0.881,-51.758,-21.912,93.384
-0.032,0.214,0.849,-24.475,-12.329,68.420
-0.042,0.181,0.840,-2.319,0.671,52.124
-0.003,0.191,0.851,10.925,13.367,39.368
-0.005,0.211,0.879,17.334,16.968,30.334
-0.033,0.207,0.894,16.724,8.057,28.259
-0.028,0.216,0.867,11.780,-6.653,31.372
-0.036,0.197,0.848,6.836,-21.484,38.269
-0.025,0.126,0.867,3.723,-33.325,46.997
0.057,0.121,0.910,3.845,-39.734,51.514
0.103,0.149,0.979,8.789,-40.771,47.424
0.019,0.112,1.019,14.709,-37.659,42.175
0.027,0.090,1.062,19.287,-19.531,36.743
0.074,0.104,1.079,24.780,1.160,29.175
0.022,0.116,1.070,29.297,15.808,22.705
-0.011,0.114,1.015,31.006,23.804,19.592
-0.056,0.146,0.963,30.640,27.222,18.372
-0.076,0.160,0.931,30.579,26.367,17.578
-0.049,0.149,0.889,31.738,19.897,16.785
-0.033,0.155,0.852,31.128,9.277,15.442
-0.025,0.160,0.876,29.968,-0.183,12.573
-0.022,0.131,0.894,27.344,-8.362,12.146
-0.012,0.123,0.920,19.775,-14.038,14.343
0.017,0.135,0.934,13.489,-14.282,15.686
0.039,0.120,0.943,12.024,-10.742,12.817
0.056,0.112,0.951,13.733,-7.202,9.033
0.059,0.115,0.967,18.921,-2.930,4.150
0.056,0.104,1.001,26.550,3.906,-3.113
0.006,0.089,0.980,30.273,10.681,-10.132
-0.035,0.104,0.949,26.672,16.296,-14.160
-0.053,0.127,0.941,23.254,18.250,-18.066
-0.076,0.134,0.935,23.254,15.381,-20.264
-0.054,0.080,0.924,22.156,6.287,-18.677
-0.045,0.063,0.926,14.893,-4.761,-15.442
-0.054,0.058,0.940,5.066,-12.390,-9.399
-0.008,0.055,0.970,-1.404,-14.893,-4.150
0.024,0.063,0.981,-0.916,-15.381,-2.502
0.031,0.064,1.011,4.272,-12.817,-4.333
0.043,0.042,1.031,9.583,-7.690,-6.165
0.045,0.016,1.042,9.888,-2.747,-5.493
0.028,0.007,1.028,5.798,2.136,-3.540
0.005,0.009,1.002,2.319,6.348,-1.770
-0.010,0.016,0.965,2.747,7.935,-1.648
-0.018,0.023,0.937,6.104,7.202,-2.502
-0.018,0.028,0.931,8.911,5.676,-3.601
-0.014,0.029,0.944,8.972,2.502,-4.211
-0.012,0.041,0.945,5.859,-2.686,-3.662
-0.003,0.046,0.947,1.038,-7.996,-2.808
0.011,0.041,0.945,-3.540,-12.085,-2.502
0.019,0.038,0.950,-5.676,-13.306,-2.502
0.026,0.043,0.970,-7.019,-10.010,-2.747
0.031,0.039,0.989,-6.714,-6.409,-2.625
0.037,0.031,0.995,-4.761,-2.930,-2.991
0.027,0.036,0.987,-1.770,1.587,-4.089
0.014,0.025,0.974,2.747,4.700,-6.470
0.001,0.014,0.963,8.118,6.592,-8.789
-0.006,0.007,0.946,12.695,8.057,-9.155
-0.023,0.023,0.935,16.296,7.202,-7.507
-0.019,0.037,0.916,20.020,4.150,-5.310
-0.022,0.053,0.925,22.034,0.000,-4.883
-0.021,0.042,0.923,21.973,-4.883,-5.371
-0.009,0.034,0.936,18.616,-9.705,-6.409
-0.008,0.016,0.944,13.000,-13.367,-6.287
-0.005,0.001,0.959,6.592,-15.564,-5.371
0.005,-0.016,0.971,2.075,-14.893,-4.517
0.015,-0.018,0.986,-0.183,-11.658,-4.883
0.025,-0.018,0.999,0.610,-7.996,-6.470
0.030,-0.018,1.005,4.517,-4.822,-9.521
0.010,-0.015,1.000,9.338,-2.014,-12.573
-0.013,0.001,0.986,11.658,0.305,-14.343
-0.037,0.020,0.974,12.390,1.953,-12.512
-0.040,0.015,0.955,13.367,1.709,-9.155
-0.040,0.022,0.932,13.367,0.244,-4.639
-0.051,0.018,0.916,11.841,-2.197,-0.732
-0.033,0.024,0.922,8.911,-5.554,1.526
-0.010,0.030,0.930,6.653,-9.399,1.038
0.001,0.008,0.956,5.188,-11.902,1.099
0.020,0.003,0.971,3.906,-12.146,0.305
0.023,-0.001,0.983,2.014,-10.071,-0.183
0.017,-0.015,0.989,-0.854,-6.470,-0.183

-0.468,1.216,1.137,53.528,8.606,-183.594
-0.457,1.264,1.144,51.147,19.165,-271.790
-0.344,1.162,1.091,50.659,33.997,-373.108
-0.313,1.031,0.994,56.824,62.683,-479.797
-0.374,0.694,0.972,66.528,103.760,-557.922
-0.308,0.407,0.891,49.500,140.076,-578.186
-0.335,0.219,0.680,3.540,156.860,-542.175
-0.426,0.099,0.394,-32.654,140.564,-488.220
-0.430,0.030,0.265,-37.231,86.914,-458.801
-0.398,-0.042,0.174,-4.456,18.860,-452.515
-0.373,-0.241,0.166,60.608,-34.363,-462.158
-0.492,-0.592,0.447,122.620,-67.688,-477.844
-0.518,-1.004,0.987,147.583,-82.031,-473.022
-0.344,-1.473,1.380,112.793,-77.209,-411.438
-0.200,-1.724,1.585,30.273,-54.504,-288.757
-0.235,-1.696,1.485,-66.467,-25.757,-156.250
-0.425,-1.470,1.244,-121.460,1.831,-70.557
-0.502,-1.206,1.007,-112.549,20.752,-38.452
-0.546,-1.026,0.906,-48.462,24.414,-32.593
-0.574,-0.911,0.879,30.090,8.179,-32.104
-0.551,-0.870,0.945,91.980,-17.273,-25.330
-0.456,-0.745,0.952,119.202,-43.335,-13.550
-0.290,-0.569,0.920,117.676,-65.735,0.854
-0.240,-0.393,0.880,111.023,-80.872,15.259
-0.235,-0.315,0.903,114.319,-85.266,20.081
-0.181,-0.204,0.936,118.225,-79.163,12.817
-0.113,-0.120,0.943,118.713,-67.261,0.916
-0.055,-0.094,0.958,117.554,-50.232,-8.667
-0.031,-0.051,0.979,110.229,-33.081,-16.052
-0.010,-0.008,0.975,94.177,-17.090,-16.296
-0.067,-0.018,0.997,70.190,-4.456,-7.019
-0.146,-0.119,1.005,42.480,1.526,9.705
-0.170,-0.211,0.964,15.564,-4.150,33.508
-0.179,-0.295,0.994,-9.277,-16.907,66.467
-0.198,-0.273,1.000,-41.382,-33.630,108.521
-0.288,-0.140,0.950,-87.341,-50.232,168.884
-0.406,-0.120,0.949,-152.466,-60.181,266.418
-0.283,-0.219,1.029,-220.764,-56.458,388.977
0.028,-0.434,1.051,-257.690,-40.100,484.863
0.253,-0.594,0.999,-255.920,-14.893,508.606
0.280,-0.521,0.845,-223.938,5.981,461.121
0.118,-0.321,0.734,-176.208,18.372,390.076
-0.089,-0.208,0.635,-134.949,28.198,344.788
-0.346,-0.297,0.673,-107.544,40.588,329.285
-0.474,-0.323,0.659,-100.037,46.265,316.895
-0.339,-0.067,0.568,-100.586,33.752,280.334
-0.141,0.361,0.578,-72.205,7.690,225.159
-0.007,0.586,0.799,5.554,-30.701,171.997
0.032,0.534,1.068,100.952,-71.533,130.249
0.057,0.378,1.352,155.762,-95.764,106.323
0.076,0.184,1.610,142.029,-102.783,109.009
0.053,0.086,1.666,64.270,-97.168,142.212
-0.038,0.067,1.541,-38.635,-70.129,186.401
-0.166,0.072,1.399,-122.070,-23.926,205.505
-0.198,0.161,1.120,-166.809,22.278,183.533
-0.155,0.265,0.875,-161.255,57.922,138.672
-0.122,0.255,0.663,-118.591,69.641,92.834
-0.122,0.170,0.580,-61.584,61.096,56.396
-0.101,-0.023,0.621,-10.376,46.692,47.791
-0.002,-0.014,0.692,13.733,28.748,43.762
0.017,0.036,0.762,20.508,9.827,41.443
0.051,0.048,0.851,21.545,-2.258,40.771
0.086,0.033,0.910,16.052,-7.629,38.269
0.068,0.022,0.953,1.160,-6.287,37.720
0.063,0.017,0.990,-16.602,1.099,37.231
0.103,0.028,1.046,-29.846,6.165,38.635
0.115,0.022,1.082,-31.738,3.296,40.833
0.049,-0.011,1.082,-23.315,-3.418,38.269
-0.027,0.000,1.035,-12.085,-6.104,29.602
-0.078,0.047,0.984,-2.502,-0.366,18.250
-0.109,0.066,0.936,6.897,11.597,6.287
-0.108,0.077,0.907,12.695,20.325,-5.066
-0.083,0.115,0.885,15.808,22.095,-12.146
-0.061,0.135,0.918,19.409,16.968,-15.747
-0.026,0.102,0.949,25.330,5.066,-16.174
0.008,0.085,0.967,29.175,-10.498,-15.869
0.034,0.039,0.994,28.076,-19.043,-14.832
0.038,0.018,0.998,21.362,-19.165,-12.390
0.019,0.012,0.991,14.526,-11.108,-10.315
-0.001,0.008,0.991,12.329,-1.221,-9.888
-0.022,0.000,0.981,11.292,5.310,-8.301
-0.035,0.015,0.980,8.911,4.272,-5.188
-0.027,0.020,0.965,7.263,-2.014,-2.502
-0.035,0.017,0.961,5.798,-10.864,-2.563
-0.052,-0.002,0.955,4.517,-18.921,-4.639
-0.053,-0.019,0.943,2.136,-23.499,-8.545
-0.031,-0.037,0.948,0.916,-21.790,-12.878
-0.003,-0.049,0.971,1.587,-17.212,-16.602
0.015,-0.060,0.996,3.784,-12.878,-18.005
0.042,-0.076,1.015,8.179,-10.315,-15.564
0.074,-0.097,1.033,16.724,-7.751,-12.695
0.070,-0.099,1.032,28.137,-5.249,-13.367
0.009,-0.089,1.006,37.537,-3.052,-13.550
-0.081,-0.059,0.958,38.147,0.000,-6.348
-0.130,-0.037,0.927,26.062,3.113,9.705
-0.146,-0.071,0.923,7.996,2.930,25.513
-0.128,-0.063,0.883,-7.324,-0.244,29.297
-0.080,-0.038,0.844,-19.897,-1.831,22.705
-0.038,-0.019,0.842,-27.588,-2.075,15.381
-0.042,-0.023,0.880,-25.452,-4.700,10.193
-0.024,-0.036,0.922,-16.907,-6.897,5.554
0.020,-0.045,0.983,-7.874,-5.920,1.221
0.044,-0.054,1.025,-0.610,-4.089,0.977
0.026,-0.035,1.015,2.808,-2.258,4.700
-0.009,-0.024,0.981,2.808,-0.427,11.169
-0.033,-0.024,0.965,1.587,-0.488,19.775
-0.062,-0.046,0.962,0.916,-4.150,27.039
-0.068,-0.041,0.957,0.488,-8.545,29.663
-0.041,-0.055,0.967,-0.427,-9.583,29.724
-0.070,-0.035,0.937,-4.639,-11.597,26.855
-0.070,-0.011,0.926,-9.094,-9.705,22.095
-0.038,-0.002,0.934,-11.047,-6.470,16.724
-0.034,0.020,0.930,-12.085,-8.301,10.193
-0.015,-0.004,0.989,-9.949,-9.399,4.822
-0.001,-0.026,1.003,-5.920,-10.498,0.854
0.010,-0.046,1.016,-3.479,-7.996,0.183
-0.000,-0.042,1.001,-2.075,-2.380,2.808
-0.019,-0.021,0.986,1.038,2.991,5.371
-0.043,-0.024,0.982,4.639,5.188,8.728

-0.293,1.054,1.114,109.680,-5.920,-273.132
-0.190,0.894,1.047,132.568,5.249,-362.488
-0.117,0.724,0.925,157.227,40.405,-463.867
-0.121,0.394,0.778,184.753,94.666,-558.472
-0.117,0.189,0.615,176.025,149.475,-609.619
-0.274,0.153,0.418,137.756,189.514,-605.957
-0.502,0.279,0.273,96.436,196.228,-574.585
-0.552,0.233,0.203,88.623,170.105,-540.955
-0.657,0.016,0.112,119.995,128.601,-524.841
-0.755,-0.268,0.348,152.771,75.317,-530.518
-0.739,-1.071,0.917,147.400,23.437,-501.953
-0.633,-1.880,1.299,58.655,-6.592,-400.391
-0.539,-2.080,1.337,-65.186,-24.475,-252.197
-0.476,-1.949,1.262,-139.587,-33.508,-105.530
-0.442,-1.731,1.202,-149.597,-25.696,-12.512
-0.512,-1.480,1.041,-134.094,-12.695,26.184
-0.627,-1.190,0.935,-110.901,-9.033,44.250
-0.677,-0.956,0.917,-74.402,-14.160,66.833
-0.614,-0.853,0.947,-32.837,-21.301,98.450
-0.506,-0.717,0.985,-8.179,-30.029,135.193
-0.402,-0.583,0.982,-0.916,-39.307,176.208
-0.286,-0.476,0.949,0.732,-43.762,214.417
-0.176,-0.355,0.976,4.333,-40.161,238.586
-0.033,-0.299,0.961,17.090,-35.156,255.371
0.092,-0.304,1.018,39.063,-31.616,274.658
0.048,-0.335,0.999,56.519,-37.659,294.617
-0.097,-0.501,0.980,59.143,-47.363,321.838
-0.421,-0.768,1.014,33.997,-55.847,350.281
-0.580,-0.794,0.968,-27.100,-58.533,371.216
-0.333,-0.439,0.819,-102.173,-39.551,382.385
-0.284,-0.184,0.876,-154.114,-5.249,381.470
-0.315,0.075,0.910,-177.917,21.729,368.652
-0.279,0.386,0.911,-175.781,35.217,354.309
-0.145,0.585,1.072,-140.991,32.898,330.688
0.037,0.608,1.106,-94.543,11.169,296.997
0.152,0.531,0.984,-57.068,-11.658,264.954
0.075,0.512,0.916,-31.250,-20.325,235.657
-0.086,0.413,0.947,-9.277,-20.386,208.740
-0.273,0.187,0.974,0.549,-19.165,193.481
-0.314,0.015,0.939,-12.817,-16.113,178.467
-0.114,0.152,0.773,-39.551,-11.169,152.100
-0.006,0.199,0.710,-48.096,-8.118,125.427
-0.035,0.150,0.716,-37.781,-12.939,105.652
-0.060,0.099,0.739,-27.405,-20.081,92.346
-0.003,0.031,0.717,-27.100,-26.062,86.975
0.041,0.008,0.707,-33.020,-34.058,89.233
0.049,0.045,0.746,-35.461,-43.335,89.905
0.032,0.129,0.801,-26.306,-49.805,80.566
0.050,0.202,0.952,-7.202,-47.974,68.420
0.066,0.208,1.115,11.719,-42.786,55.115
0.063,0.203,1.224,18.127,-35.461,40.771
0.028,0.212,1.257,12.146,-20.996,29.419
-0.053,0.199,1.215,-1.526,-3.418,23.376
-0.111,0.188,1.134,-17.822,11.536,20.386
-0.142,0.171,1.036,-31.128,20.935,16.663
-0.153,0.156,0.959,-34.302,23.071,11.963
-0.116,0.141,0.913,-28.259,18.250,6.592
-0.059,0.116,0.903,-18.372,9.827,2.319
-0.024,0.092,0.896,-9.827,3.052,-0.854
0.014,0.090,0.882,-5.310,0.183,-3.845
0.056,0.074,0.891,-2.075,0.000,-7.385
0.065,0.054,0.867,1.587,0.244,-11.658
0.110,0.047,0.916,6.348,2.625,-16.907
0.066,0.028,0.928,12.207,2.441,-23.132
0.036,0.006,0.950,17.151,5.920,-27.283
0.005,-0.014,0.951,17.822,9.888,-26.672
-0.060,0.003,0.942,13.062,8.301,-21.912
-0.084,-0.027,0.961,6.592,3.235,-10.315
-0.059,-0.035,0.944,0.916,-4.395,0.916
-0.051,-0.008,0.950,-3.723,-10.315,3.845
-0.040,0.004,0.969,-4.822,-13.611,4.028
-0.013,0.000,0.995,-4.822,-15.137,3.113
0.012,-0.003,1.019,-5.066,-14.954,0.854
0.020,-0.007,1.031,-5.859,-12.695,-1.038
0.032,-0.015,1.022,-5.737,-7.507,-2.441
0.045,-0.025,1.000,-3.418,0.366,-4.822
0.032,-0.041,0.972,0.488,7.751,-8.301
0.009,-0.044,0.940,4.639,11.658,-10.437
-0.005,-0.032,0.927,10.315,11.475,-10.742
-0.029,-0.019,0.915,16.846,6.714,-9.155
-0.052,-0.015,0.925,19.470,-0.305,-4.211
-0.047,-0.032,0.925,18.127,-7.080,2.075
-0.032,-0.041,0.924,13.733,-14.587,5.371
-0.021,-0.042,0.937,9.399,-19.775,5.859
-0.022,-0.039,0.954,7.263,-21.790,5.310
0.004,-0.047,1.004,5.981,-20.874,4.456
0.016,-0.035,1.043,3.906,-18.250,3.662
0.023,-0.025,1.050,2.075,-13.000,2.747
0.027,-0.024,1.065,0.977,-5.310,1.465
0.003,-0.045,1.030,0.916,2.991,0.793
0.010,-0.040,0.991,2.075,9.949,0.183
-0.012,-0.014,0.942,5.188,13.062,0.488
-0.042,-0.002,0.886,12.329,10.498,1.160
-0.073,-0.008,0.894,19.287,4.700,0.916
-0.088,-0.027,0.922,17.883,-1.221,2.686
-0.061,-0.005,0.913,10.681,-5.920,6.226
-0.047,-0.001,0.927,5.249,-10.254,7.019
-0.026,-0.003,0.944,2.747,-14.587,4.822
0.000,-0.006,0.979,1.526,-16.602,2.563
0.016,-0.010,1.013,1.526,-15.991,0.610
0.027,-0.018,1.047,1.770,-11.047,-1.160
0.024,-0.025,1.053,0.366,-3.845,-2.136
0.015,-0.028,1.039,-2.380,4.028,-2.563
-0.015,-0.027,1.007,-4.150,10.803,-2.380
-0.037,-0.021,0.966,-4.883,13.367,-1.770
-0.052,-0.018,0.930,-1.648,13.000,-2.563
-0.052,-0.021,0.902,6.531,10.254,-5.981
-0.044,-0.012,0.892,11.353,4.700,-8.484
-0.032,-0.008,0.890,12.085,-2.808,-8.301
-0.023,-0.008,0.919,10.742,-9.338,-5.920
-0.004,-0.013,0.944,8.423,-13.855,-4.700
0.013,-0.034,0.970,6.958,-14.771,-4.944
0.034,-0.062,1.000,6.226,-11.963,-3.296
0.044,-0.084,1.017,5.554,-7.629,-0.305
0.031,-0.095,1.006,5.310,-2.625,1.953
0.006,-0.078,0.994,4.639,3.723,3.052
-0.022,-0.057,0.979,3.174,8.728,5.127
-0.035,-0.038,0.959,1.038,10.193,7.202
-0.056,-0.030,0.940,-2.319,9.277,7.996

-0.223,-1.354,1.223,23.621,-27.588,-285.950
-0.226,-1.387,1.180,-51.880,-13.306,-191.589
-0.381,-1.279,1.120,-95.459,-0.366,-123.474
-0.485,-1.134,1.045,-107.178,10.925,-86.731
-0.486,-0.940,0.982,-91.125,18.799,-68.115
-0.488,-0.844,1.023,-45.593,20.020,-59.265
-0.491,-0.858,1.097,16.846,15.808,-51.941
-0.402,-0.874,1.121,61.829,8.789,-34.790
-0.327,-0.900,1.219,65.674,0.854,2.686
-0.318,-1.036,1.240,37.170,-12.573,60.974
-0.349,-1.200,1.120,-5.859,-20.569,125.183
-0.256,-1.146,0.884,-48.889,-11.658,186.279
-0.176,-1.001,0.766,-69.885,11.902,248.352
-0.117,-0.932,0.699,-55.542,30.457,320.618
-0.019,-0.946,0.689,-11.597,35.889,395.752
-0.193,-1.245,0.832,37.964,29.114,464.172
-0.477,-1.290,0.790,46.997,8.423,497.742
-0.646,-0.838,0.463,5.737,-6.409,485.413
-0.756,-0.400,0.270,-51.941,-2.197,456.543
-0.786,0.012,0.079,-106.995,2.075,445.618
-0.785,0.528,0.158,-130.188,-2.991,431.213
-0.534,0.869,0.456,-87.280,-13.855,391.296
-0.242,0.964,0.824,19.043,-40.649,316.101
-0.077,0.935,1.237,140.686,-81.055,230.530
-0.049,0.750,1.598,208.984,-112.244,180.359
-0.053,0.603,1.789,182.678,-123.047,172.119
-0.160,0.585,1.738,85.388,-110.352,188.660
-0.282,0.630,1.490,-23.010,-67.993,199.890
-0.373,0.532,1.245,-99.915,-7.324,185.242
-0.315,0.522,0.972,-138.367,42.542,143.433
-0.219,0.422,0.752,-135.559,69.702,91.492
-0.177,0.176,0.649,-107.178,67.871,52.612
-0.100,0.057,0.610,-79.407,41.504,34.973
-0.037,-0.035,0.603,-52.734,8.728,37.781
0.026,-0.044,0.602,-28.931,-19.409,39.917
0.057,-0.032,0.637,-4.272,-40.527,37.842
0.087,0.004,0.760,18.311,-54.688,34.851
0.133,0.035,0.929,32.654,-59.326,31.311
0.139,0.052,1.069,33.691,-56.763,26.001
0.087,0.053,1.141,23.315,-53.101,21.240
0.007,0.041,1.156,4.395,-46.936,20.020
-0.084,-0.006,1.138,-15.442,-35.583,21.606
-0.085,-0.052,1.106,-32.227,-20.874,22.461
-0.052,-0.087,1.076,-44.006,-9.644,19.897
-0.044,-0.108,1.061,-47.852,-5.432,14.465
-0.033,-0.082,1.020,-42.786,-2.869,7.996
-0.002,-0.079,1.011,-31.006,-1.587,3.357
0.014,-0.100,1.037,-16.357,-3.296,-1.404
0.031,-0.098,1.008,-2.380,1.892,-5.798
0.070,-0.087,1.019,6.714,12.024,-8.057
0.061,-0.047,1.004,11.047,16.479,-9.644
0.052,0.006,0.999,15.076,17.273,-9.338
0.036,0.029,0.998,20.813,15.869,-7.263
0.010,0.055,0.978,24.353,10.193,-4.517
-0.009,0.052,0.940,24.780,3.052,-3.418
-0.020,0.044,0.959,20.813,-0.061,-4.639
-0.048,0.036,0.971,13.794,-0.305,-6.897
-0.063,0.025,0.971,4.272,-0.488,-8.118
-0.041,0.005,0.988,-5.432,0.732,-7.629
-0.011,-0.031,0.983,-13.855,0.793,-4.333
0.002,-0.068,0.978,-18.555,-0.793,0.488
0.031,-0.088,0.979,-17.883,-0.977,3.113
0.046,-0.084,0.982,-11.719,-0.977,3.113
0.031,-0.093,0.990,-2.441,0.244,3.296
0.028,-0.091,0.990,3.845,3.601,3.967
0.024,-0.062,0.974,5.371,7.080,4.822
0.002,-0.040,0.963,5.005,8.179,5.310
-0.010,-0.007,0.932,4.150,7.141,3.845
-0.016,0.023,0.917,2.930,5.371,0.488
-0.018,0.033,0.914,1.404,3.357,-2.502
-0.021,0.013,0.924,-1.770,-0.244,-5.188
-0.022,-0.015,0.928,-7.690,-2.869,-7.263
-0.015,-0.035,0.930,-13.000,-5.005,-7.935
-0.001,-0.050,0.921,-15.198,-6.775,-7.263
0.014,-0.070,0.931,-13.367,-7.507,-7.874
0.022,-0.092,0.951,-9.277,-7.141,-10.071
0.031,-0.108,0.968,-4.639,-6.348,-11.230
0.037,-0.114,0.992,0.244,-4.272,-9.705
0.029,-0.118,1.006,4.944,-1.221,-6.958
0.014,-0.101,1.002,8.545,1.831,-2.930
0.008,-0.067,0.986,10.193,3.906,2.380
-0.001,-0.049,0.974,9.521,4.089,7.446
-0.021,-0.031,0.944,6.348,2.869,8.118
-0.040,-0.013,0.920,1.770,2.197,7.446
-0.053,0.000,0.903,-3.296,0.671,6.653
-0.048,0.003,0.904,-7.019,-2.075,5.493
-0.029,-0.014,0.924,-7.935,-5.798,3.052
-0.016,-0.030,0.941,-7.629,-9.399,0.793
0.003,-0.029,0.988,-7.385,-11.169,0.244
0.002,-0.037,0.999,-6.714,-12.024,0.061
0.005,-0.041,1.007,-5.615,-9.705,-0.610
0.025,-0.033,1.022,-4.272,-4.761,-0.977
0.029,-0.045,1.008,-2.808,0.366,-1.038
0.007,-0.064,1.005,-1.526,5.188,-1.587
-0.014,-0.071,0.982,-0.732,9.155,-1.343
-0.029,-0.068,0.948,-0.183,9.827,2.075
-0.039,-0.045,0.919,2.075,7.874,5.066
-0.035,-0.021,0.908,5.310,4.028,4.822
-0.027,-0.007,0.909,7.019,-0.854,3.845
-0.015,0.002,0.926,5.981,-5.493,2.502
0.000,0.010,0.947,3.113,-8.789,0.671
0.015,-0.001,0.962,0.305,-10.559,-0.854
0.016,-0.017,0.972,-1.892,-10.864,-1.831
0.021,-0.032,0.976,-3.479,-8.972,-2.441
0.042,-0.052,0.999,-3.296,-5.493,-2.808
0.034,-0.063,0.981,-2.014,-2.930,-2.747
0.010,-0.076,0.983,-0.549,0.488,-2.075
0.005,-0.091,0.978,0.732,4.639,-0.366
-0.005,-0.082,0.952,1.038,6.653,2.869
-0.021,-0.068,0.932,1.526,6.287,6.287
-0.030,-0.045,0.915,2.380,3.418,8.301
-0.030,-0.018,0.918,2.502,-2.502,8.606
-0.013,-0.011,0.937,2.380,-7.812,6.592
0.005,-0.015,0.971,1.953,-11.597,4.517
0.016,-0.016,0.998,-0.549,-13.123,3.052
0.025,-0.016,1.009,-3.601,-12.146,2.502
0.030,-0.012,1.016,-4.578,-9.399,1.831
0.031,-0.023,1.017,-3.174,-6.348,0.183
0.015,-0.043,1.007,-1.831,-2.991,-0.366

-0.169,-1.399,1.461,-7.812,-6.592,-280.640
-0.327,-1.448,1.444,-75.012,17.639,-171.387
-0.525,-1.419,1.260,-132.263,44.678,-83.008
-0.522,-1.263,1.073,-166.931,70.740,-27.222
-0.457,-0.956,0.900,-159.790,76.050,-0.427
-0.508,-0.817,0.842,-116.577,64.209,24.414
-0.610,-0.823,0.872,-75.073,45.898,55.969
-0.512,-0.767,0.819,-54.321,22.034,90.332
-0.329,-0.642,0.721,-43.457,0.916,119.263
-0.260,-0.597,0.661,-25.513,-10.498,139.893
-0.255,-0.607,0.675,-1.587,-14.771,152.832
-0.196,-0.566,0.734,16.785,-13.855,166.077
-0.072,-0.575,0.754,28.748,-10.376,194.336
-0.008,-0.641,0.819,39.185,-7.141,234.192
-0.026,-0.657,0.911,38.879,-8.667,279.480
-0.113,-0.583,0.935,27.527,-14.709,322.693
-0.200,-0.353,1.035,20.630,-19.836,347.717
-0.284,-0.248,1.164,27.771,-23.193,362.671
-0.260,-0.169,1.168,42.114,-27.832,360.107
-0.218,0.022,1.108,41.260,-27.954,339.600
-0.172,0.183,1.003,16.296,-23.071,326.416
-0.202,0.256,0.875,-21.057,-16.357,325.684
-0.224,0.385,0.794,-54.382,-9.399,315.857
-0.162,0.474,0.732,-65.125,-5.493,287.415
-0.092,0.444,0.801,-48.096,-9.644,252.258
-0.021,0.399,0.896,-26.550,-21.790,223.572
0.053,0.354,1.002,-14.709,-33.325,201.965
0.094,0.289,1.144,-9.827,-40.894,189.880
-0.006,0.150,1.215,-11.108,-46.509,184.937
-0.104,0.130,1.101,-21.240,-48.889,173.462
-0.125,0.249,0.970,-33.447,-41.504,150.208
-0.142,0.313,0.882,-29.236,-27.649,126.953
-0.109,0.278,0.812,-14.526,-18.982,107.056
-0.052,0.230,0.798,-2.747,-15.442,86.304
-0.016,0.247,0.860,0.122,-17.822,67.322
0.015,0.264,0.933,-1.709,-27.710,54.138
0.045,0.235,0.931,-2.991,-37.048,44.128
0.048,0.199,0.946,-3.906,-36.560,32.654
0.040,0.166,0.978,-6.836,-29.846,20.569
0.055,0.105,1.005,-9.766,-23.560,12.634
0.066,0.024,1.031,-10.559,-18.433,10.925
0.052,-0.033,1.020,-11.841,-14.832,14.282
0.019,-0.051,0.985,-11.719,-10.620,18.616
0.002,-0.019,0.944,-7.812,-5.005,20.081
-0.004,0.034,0.926,-1.526,-0.549,18.066
-0.009,0.071,0.927,6.348,-0.793,12.939
-0.008,0.061,0.954,12.085,-5.066,5.249
-0.022,0.043,0.954,12.207,-9.033,-0.671
0.004,0.041,0.946,6.470,-9.705,-3.845
0.025,0.015,0.966,-0.366,-7.690,-5.981
0.006,-0.014,0.996,-5.798,-6.592,-6.775
0.017,-0.057,1.002,-11.169,-5.859,-1.343
0.039,-0.049,1.002,-12.756,-5.371,4.822
0.010,-0.054,1.015,-7.874,-4.028,5.981
-0.013,-0.051,1.010,-0.916,-1.221,5.615
-0.024,-0.034,0.993,4.822,1.831,6.714
-0.036,-0.002,0.991,8.789,4.883,5.005
-0.056,0.016,0.986,9.460,6.165,2.441
-0.054,0.036,0.967,5.066,3.967,1.160
-0.036,0.057,0.949,-0.977,0.061,-0.488
-0.023,0.041,0.945,-5.188,-3.662,-2.930
-0.012,0.008,0.933,-8.057,-5.981,-4.700
0.010,-0.018,0.933,-8.606,-7.324,-6.042
0.015,-0.043,0.953,-6.592,-7.141,-6.165
0.021,-0.056,0.958,-2.686,-5.981,-4.211
0.018,-0.063,0.964,1.465,-4.761,-2.808
0.009,-0.056,0.970,5.859,-3.357,-1.587
-0.001,-0.038,0.972,9.766,-1.221,-1.282
-0.010,-0.019,0.972,12.329,0.671,-2.625
-0.028,-0.013,0.984,12.573,1.892,-5.066
-0.046,-0.012,0.976,10.071,2.625,-6.470
-0.055,-0.017,0.970,6.714,2.380,-7.202
-0.053,-0.024,0.949,4.761,0.122,-8.118
-0.032,-0.021,0.944,5.127,-3.601,-8.118
-0.037,-0.038,0.911,7.996,-7.812,-7.996
-0.024,-0.049,0.940,10.376,-10.132,-7.507
-0.015,-0.032,0.964,10.986,-10.071,-6.653
-0.016,-0.032,0.973,9.766,-8.972,-4.272
0.009,-0.039,0.989,6.958,-6.287,-2.197
0.008,-0.032,0.984,3.784,-4.395,-0.732
-0.008,-0.027,0.971,0.854,-2.991,0.122
-0.007,-0.036,0.975,-0.793,-1.038,0.305
-0.006,-0.045,0.973,-2.136,0.916,0.671
-0.026,-0.046,0.955,-2.747,2.502,1.099
-0.042,-0.044,0.926,-1.709,3.906,2.258
-0.048,-0.032,0.923,0.732,2.625,3.662
-0.040,-0.026,0.923,3.784,-1.709,4.028
-0.036,-0.021,0.934,6.104,-6.409,4.150
-0.030,-0.014,0.951,6.714,-9.644,3.906
-0.010,-0.010,0.965,6.165,-11.047,3.052
-0.005,-0.016,0.986,4.761,-11.169,1.953
0.000,-0.020,0.995,2.319,-10.132,1.343
0.003,-0.026,1.003,0.183,-7.690,1.099
0.001,-0.040,1.005,-1.221,-5.615,1.160
-0.002,-0.052,1.001,-2.014,-3.601,1.343
-0.007,-0.048,0.997,-1.526,-0.122,1.404
-0.015,-0.048,0.988,-0.366,3.113,2.075
-0.032,-0.042,0.968,0.671,4.944,2.808
-0.052,-0.028,0.953,1.587,5.127,2.808
-0.047,-0.016,0.938,1.770,2.686,3.296
-0.045,-0.012,0.942,1.282,-1.526,4.089
-0.036,-0.006,0.943,0.488,-5.798,3.784
-0.023,-0.010,0.953,-1.587,-8.240,2.991
-0.012,-0.018,0.960,-3.784,-9.827,2.502
-0.004,-0.031,0.976,-4.517,-9.827,1.282
0.006,-0.040,0.992,-4.395,-8.667,0.305
0.016,-0.053,1.002,-3.479,-6.531,0.366
0.020,-0.072,1.004,-2.258,-3.113,0.732
0.002,-0.075,0.995,-1.160,2.075,2.319
-0.014,-0.058,0.969,0.244,6.592,4.639
-0.036,-0.040,0.951,2.136,8.789,6.409
-0.055,-0.019,0.933,3.784,7.812,6.775
-0.061,0.003,0.921,3.845,4.517,6.348
-0.063,0.015,0.923,2.747,-0.305,5.737
-0.051,0.014,0.936,-0.183,-5.066,4.761
-0.028,0.009,0.947,-4.150,-8.789,4.089
-0.011,0.000,0.958,-6.836,-10.498,3.113
-0.007,-0.015,0.967,-6.653,-10.315,1.221
0.003,-0.037,0.975,-5.188,-8.850,0.244

-0.330,-1.138,1.372,-17.578,24.048,-217.468
-0.465,-1.198,1.172,-67.749,30.518,-140.991
-0.560,-1.124,0.994,-84.595,55.847,-92.712
-0.484,-1.001,0.922,-66.711,85.876,-65.491
-0.466,-0.885,0.888,-44.006,74.707,-57.739
-0.385,-0.780,0.941,-12.573,56.641,-50.354
-0.360,-0.663,0.944,10.498,20.630,-35.889
-0.344,-0.569,0.862,25.085,-15.686,-12.939
-0.278,-0.476,0.785,34.180,-37.598,6.348
-0.183,-0.402,0.735,42.419,-38.574,18.921
-0.115,-0.410,0.771,49.377,-30.212,29.907
-0.117,-0.433,0.762,48.035,-23.682,39.185
-0.094,-0.461,0.722,36.438,-15.198,52.185
-0.092,-0.412,0.658,18.799,-9.216,69.702
-0.084,-0.389,0.663,6.042,-2.625,88.013
-0.043,-0.370,0.803,2.136,0.549,105.164
-0.155,-0.488,0.759,-0.549,-9.460,131.531
-0.308,-0.616,0.764,-11.169,-21.484,175.842
-0.308,-0.717,0.859,-33.875,-26.062,231.628
-0.163,-0.599,0.934,-53.284,-24.841,278.748
-0.045,-0.354,0.960,-49.805,-27.405,307.861
0.011,-0.180,1.014,-18.188,-32.898,333.862
0.021,-0.207,1.052,25.391,-41.931,370.972
0.017,-0.319,1.057,56.091,-51.941,407.593
-0.136,-0.477,1.102,56.580,-55.115,432.190
-0.234,-0.419,0.953,15.442,-51.514,431.213
-0.231,-0.288,0.686,-46.631,-34.302,403.137
-0.175,-0.139,0.552,-105.103,-8.972,365.906
-0.121,0.002,0.528,-146.362,5.005,337.219
-0.154,0.114,0.543,-164.856,1.953,315.735
-0.153,0.292,0.660,-156.128,-10.498,280.396
0.001,0.467,0.852,-116.089,-31.006,232.361
0.142,0.579,1.024,-49.500,-59.143,177.368
0.177,0.452,1.147,24.048,-84.656,130.615
0.142,0.224,1.240,74.097,-93.567,101.807
0.072,0.160,1.308,84.473,-82.336,87.830
-0.017,0.213,1.307,70.374,-62.805,89.111
-0.048,0.271,1.238,49.744,-44.495,97.168
-0.086,0.278,1.175,30.701,-29.602,100.769
-0.115,0.255,1.094,12.329,-22.217,97.595
-0.070,0.260,0.948,-3.906,-22.095,86.426
-0.018,0.239,0.850,-13.611,-23.376,67.688
-0.016,0.160,0.828,-19.470,-24.353,46.509
-0.016,0.074,0.845,-28.564,-25.391,29.785
0.018,-0.009,0.855,-40.955,-25.208,19.226
0.078,-0.062,0.865,-53.284,-22.827,14.038
0.134,-0.077,0.884,-58.472,-21.973,11.536
0.143,-0.088,0.922,-52.368,-23.499,9.949
0.130,-0.109,0.975,-34.912,-23.315,7.263
0.124,-0.119,0.997,-13.977,-19.287,3.967
0.090,-0.095,1.018,-0.305,-12.085,2.014
0.019,-0.058,1.026,5.554,-4.883,3.357
-0.011,-0.019,1.027,6.531,-1.099,7.202
-0.031,-0.004,1.030,3.113,-1.648,12.024
-0.055,0.002,1.011,-5.554,-6.226,17.090
-0.056,0.004,0.990,-16.235,-12.634,18.555
-0.021,-0.021,0.975,-24.231,-19.043,17.456
-0.005,-0.056,0.973,-29.297,-23.315,17.517
0.017,-0.094,0.966,-31.189,-24.353,20.996
0.048,-0.105,0.981,-29.419,-22.339,23.682
0.064,-0.089,1.013,-22.034,-18.127,23.010
0.086,-0.080,1.039,-8.728,-12.817,20.447
0.082,-0.090,1.049,5.737,-5.798,15.808
0.053,-0.081,1.040,16.907,2.991,10.376
0.017,-0.051,1.020,21.057,12.695,5.798
-0.020,-0.009,0.973,19.958,20.142,3.540
-0.049,0.028,0.934,16.663,22.766,1.038
-0.081,0.064,0.901,13.855,18.738,-2.197
-0.101,0.079,0.885,10.620,11.230,-3.174
-0.053,0.061,0.881,4.456,2.869,-1.099
-0.008,0.029,0.899,-2.686,-4.578,-0.671
0.011,-0.012,0.907,-7.202,-9.583,-2.563
0.019,-0.047,0.924,-9.094,-10.498,-3.601
0.039,-0.058,0.941,-7.324,-9.094,-3.662
0.055,-0.061,0.954,-1.404,-6.775,-3.174
0.054,-0.066,0.961,6.470,-4.578,-3.662
0.044,-0.077,0.956,13.855,-1.648,-5.127
0.032,-0.081,0.956,18.188,0.183,-7.019
0.005,-0.060,0.947,19.653,1.160,-9.644
-0.031,-0.072,0.938,20.996,1.282,-11.475
-0.041,-0.061,0.922,19.104,-1.587,-11.108
-0.023,-0.038,0.921,14.343,-6.226,-9.460
-0.024,-0.044,0.943,10.193,-10.925,-6.287
-0.024,-0.048,0.948,4.944,-14.465,-3.174
-0.018,-0.049,0.964,-0.610,-15.442,-2.197
-0.005,-0.061,0.966,-3.052,-14.832,-3.174
0.047,-0.076,1.037,-2.502,-13.367,-3.540
0.033,-0.098,1.060,0.488,-14.404,-3.601
0.015,-0.102,1.042,3.479,-10.925,-4.150
0.009,-0.125,1.016,5.920,-3.052,-3.418
-0.012,-0.112,0.983,6.104,2.319,-3.113
-0.045,-0.094,0.959,6.226,5.920,-5.005
-0.049,-0.051,0.914,8.240,6.958,-7.507
-0.084,-0.029,0.919,8.545,2.686,-6.836
-0.059,-0.047,0.895,6.714,-6.775,-0.854
-0.012,-0.051,0.908,2.075,-17.029,4.700
-0.021,-0.067,0.906,-2.136,-25.574,6.226
-0.023,-0.044,0.932,-7.202,-30.396,4.578
-0.001,-0.040,0.970,-8.423,-28.870,4.089
0.016,-0.044,1.007,-5.920,-23.193,2.991
0.026,-0.036,1.049,-0.916,-14.465,0.916
0.017,-0.060,1.066,4.578,-5.981,-0.488
-0.003,-0.059,1.039,7.202,1.587,-1.953
-0.025,-0.030,1.008,5.615,8.972,-2.136
-0.030,-0.002,0.963,2.014,12.268,0.610
-0.050,-0.001,0.922,-0.732,9.766,4.150
-0.069,-0.023,0.879,-2.502,2.136,5.554
-0.079,-0.026,0.858,-5.615,-6.653,5.615
-0.058,-0.031,0.864,-7.935,-14.709,6.409
-0.035,-0.046,0.893,-7.263,-20.081,6.348
-0.012,-0.061,0.956,-5.371,-21.057,4.944
0.033,-0.064,1.006,-3.479,-19.043,3.784
0.037,-0.082,1.028,-0.305,-14.771,2.686
0.011,-0.098,1.029,1.404,-8.728,2.563
0.000,-0.107,1.016,1.831,-2.747,3.967
-0.026,-0.100,0.999,2.014,2.502,5.127
-0.056,-0.090,0.975,1.709,5.615,7.080
-0.052,-0.076,0.953,0.183,5.066,9.094
-0.059,-0.056,0.943,-0.916,2.197,8.301

-0.210,-1.420,1.552,-44.678,34.424,-232.056
-0.491,-1.337,1.257,-158.997,66.650,-128.906
-0.604,-1.189,0.980,-223.572,94.299,-74.280
-0.575,-0.942,0.788,-238.647,102.783,-51.636
-0.464,-0.712,0.568,-207.214,87.097,-45.288
-0.498,-0.646,0.495,-130.066,54.871,-45.654
-0.584,-0.718,0.570,-40.894,17.761,-49.133
-0.487,-0.727,0.711,15.625,-8.728,-50.049
-0.347,-0.750,0.888,33.630,-22.522,-40.527
-0.230,-0.792,1.021,28.442,-29.297,-20.081
-0.185,-0.789,1.101,13.489,-32.349,5.371
-0.182,-0.774,1.087,-2.625,-32.288,38.574
-0.219,-0.799,1.061,-16.785,-27.954,82.214
-0.256,-0.840,1.018,-29.480,-20.081,135.803
-0.127,-0.769,0.960,-34.790,-9.338,195.251
-0.214,-0.854,1.062,-23.560,1.465,255.432
-0.578,-0.975,1.188,-14.038,5.554,309.875
-0.486,-0.543,1.022,-16.357,4.211,334.534
-0.209,-0.143,0.810,-3.540,4.028,324.646
-0.138,0.037,0.681,17.029,0.061,292.786
-0.183,0.019,0.614,22.522,-9.888,270.081
-0.313,-0.090,0.546,6.897,-19.958,263.916
-0.177,-0.027,0.565,-28.320,-20.264,265.259
-0.092,0.147,0.708,-77.820,-24.841,275.269
0.012,0.327,0.934,-104.248,-24.292,285.645
0.075,0.382,1.123,-86.304,-24.292,277.588
0.106,0.316,1.255,-44.067,-25.085,258.484
-0.010,0.033,1.364,-15.076,-27.954,249.146
-0.158,-0.172,1.393,-24.902,-27.954,242.310
-0.197,-0.091,1.225,-73.303,-20.325,221.924
-0.206,0.083,1.074,-128.418,-5.066,203.552
-0.115,0.316,0.756,-160.645,7.751,186.462
-0.151,0.364,0.564,-137.695,17.761,160.828
-0.180,0.271,0.585,-80.750,18.494,122.131
-0.090,0.167,0.614,-33.264,4.272,87.830
0.030,0.130,0.658,-9.583,-14.893,71.533
0.004,0.094,0.783,-0.671,-34.546,67.688
-0.001,0.006,0.869,-9.644,-52.124,77.942
0.088,-0.005,0.908,-38.208,-61.523,95.825
0.124,0.009,0.929,-64.270,-60.974,102.173
0.097,-0.010,0.957,-72.449,-51.880,96.985
0.086,-0.032,0.982,-63.660,-39.490,87.219
0.062,-0.015,1.034,-43.396,-28.564,79.346
0.013,0.051,1.049,-15.503,-20.203,74.280
0.018,0.093,1.063,12.024,-12.756,62.256
-0.035,0.102,1.096,28.503,-3.723,46.692
-0.098,0.136,1.078,29.053,6.409,38.391
-0.117,0.176,1.032,18.311,11.108,35.400
-0.116,0.204,0.989,7.080,7.507,32.898
-0.105,0.198,0.963,1.221,-0.122,27.649
-0.076,0.156,0.961,-2.441,-6.531,23.010
-0.042,0.082,0.978,-8.850,-10.193,22.705
-0.006,0.033,0.985,-15.930,-12.146,25.391
0.017,0.018,0.974,-18.921,-10.620,27.832
0.009,0.015,0.978,-14.954,-5.127,28.625
0.007,0.018,0.959,-5.432,0.183,27.161
0.004,0.042,0.947,6.653,3.296,24.353
-0.014,0.073,0.951,19.531,5.249,20.081
-0.037,0.084,0.964,29.419,5.859,14.648
-0.039,0.094,0.959,31.433,4.761,10.254
-0.042,0.135,0.969,25.269,3.845,6.775
-0.049,0.129,0.980,15.991,1.770,3.723
-0.042,0.101,0.965,6.226,-1.282,1.526
-0.035,0.077,0.983,-4.517,-2.441,-0.183
-0.012,0.010,0.987,-12.390,-3.174,1.648
0.007,-0.012,0.983,-14.465,-2.686,4.333
-0.007,-0.033,0.971,-11.719,0.488,5.249
-0.000,-0.012,0.945,-4.944,3.967,5.371
0.004,0.010,0.951,2.808,6.531,3.113
-0.010,0.008,0.968,9.216,6.836,-0.122
-0.010,0.010,0.957,11.475,5.371,-0.366
-0.014,0.025,0.948,9.827,4.944,-0.122
-0.035,0.033,0.928,7.812,4.089,-1.526
-0.045,0.045,0.911,5.493,2.014,-3.357
-0.044,0.052,0.908,3.113,-1.526,-5.859
-0.034,0.042,0.931,0.610,-5.859,-7.935
-0.033,0.022,0.973,-2.319,-9.888,-7.385
-0.020,-0.009,0.992,-5.920,-10.803,-3.357
0.000,-0.006,0.987,-8.606,-8.240,-0.671
-0.008,-0.003,0.989,-6.775,-4.089,-0.305
-0.012,-0.016,1.003,-1.099,-1.160,-1.038
-0.008,-0.020,1.010,2.930,0.854,-0.549
0.001,-0.013,0.993,2.136,1.221,1.953
-0.021,0.006,0.948,0.732,1.465,1.831
-0.027,0.009,0.950,2.563,3.479,-0.366
-0.019,-0.011,0.943,3.845,3.906,-2.197
-0.010,-0.017,0.934,2.747,1.587,-2.991
-0.021,-0.003,0.922,-0.244,-1.953,-2.258
-0.040,-0.005,0.912,-2.747,-5.005,-0.244
-0.013,0.001,0.916,-3.296,-5.493,0.427
-0.013,0.013,0.923,-1.770,-7.324,-0.610
-0.006,-0.000,0.956,2.319,-8.972,-1.892
0.009,-0.009,0.991,5.920,-8.118,-2.686
-0.001,-0.008,1.012,6.531,-6.897,-1.221
-0.011,-0.008,1.021,6.653,-5.432,1.221
-0.013,-0.012,1.021,5.493,-0.427,4.211
-0.016,0.021,1.002,2.258,5.066,4.761
-0.028,0.039,0.982,1.038,7.507,3.174
-0.039,0.030,0.971,1.953,7.019,0.366
-0.036,0.018,0.964,1.221,6.226,-1.099
-0.036,0.011,0.942,-1.465,4.883,-0.671
-0.023,0.014,0.915,-4.089,2.625,0.061
-0.011,0.011,0.913,-4.028,0.000,-0.793
-0.012,0.004,0.915,-1.831,-3.601,-1.282
-0.006,0.004,0.921,0.366,-5.493,-1.282
-0.011,0.014,0.938,1.953,-5.554,-1.526
-0.005,0.005,0.960,3.357,-5.737,-1.526
0.001,0.006,0.973,3.357,-6.042,-0.610
0.005,0.010,0.988,2.441,-5.432,-0.122
-0.003,-0.001,1.007,2.197,-4.028,-1.038
-0.022,-0.009,1.001,1.648,-1.953,-1.343
-0.007,-0.008,1.003,0.183,1.038,0.305
-0.020,-0.002,0.987,-0.366,1.831,1.831
-0.031,-0.003,0.976,0.549,3.357,2.075
-0.045,-0.001,0.955,0.610,4.395,2.502
-0.043,0.011,0.920,0.061,2.747,3.601
-0.029,0.036,0.910,-0.610,-0.610,4.395
-0.019,0.045,0.912,-0.488,-5.432,4.456
-0.001,0.036,0.930,-0.427,-9.033,3.052

